Email,Full name,Age,Gender,Low-So,Medical Condition,How often do you consume outside food?,Do you monitor salt intake?,Have you used any smart spoon?,Are you willing to try one?,Would you recommend it?,How important is taste in your meals?,What feature would you prefer?,Do you use any suggestions for reducing salt?,Any suggestions/comments?,Salt1,Salt2,Salt3,Salt4,Salt5,Salt6,Salt7,Salt8,Salt9,Salt10
omartin@martinez.com,April Wilson,27,Male,No,No,Weekly,Sometimes,Maybe,Maybe,Maybe,Very Important,Automated,No,Service free life find democratic happen list benefit.,N/A,N/A,1/2 tsp,N/A,Too Salty,N/A,1/4 tsp,1/4 tsp,More than 1 tsp,Too Salty
kmoore@hotmail.com,Jane Hall,29,Female,Yes,No,Rarely,Sometimes,Yes,No,Maybe,Very Important,Automated,No,His have decision friend director green control total perform.,1/2 tsp,Too Bland,N/A,Perfect,N/A,Too Salty,Too Salty,Perfect,1/4 tsp,More than 1 tsp
cperry@gmail.com,Lisa Smith,62,Female,No,No,Rarely,Never,Maybe,No,Yes,Neutral,Mobile App,Yes,Draw imagine necessary look be take like interesting imagine Congress.,1/2 tsp,N/A,Too Salty,More than 1 tsp,Perfect,More than 1 tsp,More than 1 tsp,Too Salty,1/4 tsp,Perfect
mweaver@williams.biz,Alan Hansen,34,Other,No,Yes,Daily,Always,Maybe,Yes,Maybe,Not Important,Voice Control,No,Not material indeed dinner probably assume key dream budget shoulder coach.,More than 1 tsp,Too Salty,N/A,1/2 tsp,N/A,More than 1 tsp,Too Bland,N/A,More than 1 tsp,1/2 tsp
hcherry@hart.net,Glenn Oneill,63,Other,Yes,Yes,Weekly,Always,Maybe,No,No,Very Important,Mobile App,Yes,Among night represent behavior ever truth.,Perfect,1/4 tsp,More than 1 tsp,Perfect,Too Salty,N/A,Too Bland,N/A,1/4 tsp,1/4 tsp
zowens@gray.com,Ashley Wright,27,Male,No,Yes,Not applicable,Always,No,Maybe,No,Very Important,Mobile App,Yes,Guess north career think job.,N/A,Too Bland,N/A,Too Salty,1/2 tsp,Too Salty,Perfect,1/2 tsp,Too Bland,Too Salty
jessicawoods@yahoo.com,Mary Winters,29,Male,Yes,Yes,Daily,Always,Maybe,No,Maybe,Important,Automated,No,Force everyone personal computer upon.,More than 1 tsp,Too Bland,Too Salty,Too Bland,Perfect,Too Bland,More than 1 tsp,1/4 tsp,Too Salty,Perfect
dawnnorton@hotmail.com,Cristina Rodriguez,44,Male,No,Yes,Rarely,Sometimes,Yes,Yes,Maybe,Very Important,Automated,Yes,Together seem from health firm against training today.,More than 1 tsp,Too Salty,1/4 tsp,More than 1 tsp,Too Salty,N/A,1/2 tsp,Too Bland,1/4 tsp,Perfect
kwood@gaines.com,David Bell,55,Other,No,No,Weekly,Never,No,No,No,Important,Mobile App,Yes,Treat air onto sure star something.,1/2 tsp,Too Bland,1/4 tsp,Too Salty,Too Bland,N/A,1/4 tsp,Too Bland,More than 1 tsp,N/A
rodgersclifford@yahoo.com,Vincent Ramsey,21,Female,Yes,No,Not applicable,Never,Maybe,Yes,Maybe,Neutral,Voice Control,No,According soldier toward major coach for physical whose network act above.,1/4 tsp,1/4 tsp,1/4 tsp,Too Salty,Too Salty,Perfect,Too Bland,Too Bland,N/A,Too Salty
ndiaz@taylor.com,Jeffrey Fischer,40,Female,No,No,Monthly,Sometimes,Yes,Maybe,Yes,Not Important,Automated,Yes,Establish that key thought away wide none figure name TV.,More than 1 tsp,More than 1 tsp,Too Salty,Too Salty,1/4 tsp,N/A,1/4 tsp,Too Salty,1/4 tsp,1/4 tsp
markenglish@castillo.org,Brittney Steele,18,Other,No,No,Weekly,Sometimes,Maybe,Maybe,No,Neutral,Mobile App,Yes,Skin expert over our gas.,More than 1 tsp,1/2 tsp,1/2 tsp,Too Salty,1/4 tsp,Too Bland,Too Salty,More than 1 tsp,1/2 tsp,1/2 tsp
wosborne@hotmail.com,Paul Phillips,29,Female,Yes,Yes,Daily,Always,Yes,Yes,Maybe,Important,Automated,No,Never better TV stand everything brother develop notice evidence their.,Perfect,Perfect,N/A,Too Salty,1/4 tsp,Too Bland,1/2 tsp,1/4 tsp,Too Salty,1/2 tsp
danasimpson@curry.com,Richard Stephens,56,Other,No,No,Daily,Always,Yes,No,Maybe,Important,Automated,Yes,Fight show use at talk brother.,Too Bland,1/2 tsp,N/A,Too Bland,1/4 tsp,Too Salty,Too Bland,N/A,N/A,Too Salty
tiffanymelton@hanson.net,Maria Brown,51,Female,No,Yes,Weekly,Never,Yes,No,Yes,Neutral,Automated,No,Write left family two personal easy nothing step.,Too Bland,Perfect,Perfect,N/A,Too Bland,N/A,1/4 tsp,1/2 tsp,1/2 tsp,Perfect
bishopvictoria@smith-perry.net,Cassie Gordon,58,Other,Yes,No,Not applicable,Sometimes,No,Maybe,No,Very Important,Simple UI,No,Race particular yard other oil civil perform natural item short.,Perfect,Too Bland,Perfect,Too Salty,1/2 tsp,More than 1 tsp,More than 1 tsp,N/A,1/4 tsp,More than 1 tsp
sarah55@hotmail.com,Whitney Green,58,Male,No,Yes,Daily,Always,Yes,Yes,No,Important,Simple UI,Yes,Artist many heart decade simple carry traditional production.,1/2 tsp,1/2 tsp,Too Bland,1/4 tsp,N/A,Too Salty,Too Salty,Too Bland,Perfect,More than 1 tsp
tvillarreal@young.net,Michael Nash,19,Male,Yes,No,Monthly,Never,Yes,Maybe,Yes,Important,Mobile App,Yes,Identify than response member sure.,Too Bland,More than 1 tsp,1/2 tsp,N/A,1/2 tsp,1/2 tsp,Perfect,N/A,1/2 tsp,1/2 tsp
cdavis@welch.com,Dr. Stacy Hamilton,49,Other,No,Yes,Not applicable,Never,No,Yes,Maybe,Not Important,Mobile App,No,Entire author assume learn play effect green seek.,1/2 tsp,N/A,Perfect,More than 1 tsp,Perfect,1/2 tsp,Perfect,1/2 tsp,Too Bland,Perfect
harrisjeffery@hotmail.com,Misty Vargas,40,Other,No,Yes,Rarely,Sometimes,No,Maybe,Yes,Not Important,Mobile App,Yes,Stock live west today war fly concern.,Too Salty,More than 1 tsp,Too Bland,N/A,1/4 tsp,N/A,Too Bland,1/4 tsp,Perfect,1/4 tsp
amberwyatt@rhodes.com,James Gallegos,62,Female,Yes,Yes,Not applicable,Sometimes,Maybe,Maybe,No,Important,Adjustable,No,Identify week yeah factor approach.,Perfect,Too Bland,Too Bland,Too Salty,N/A,N/A,Too Bland,More than 1 tsp,Perfect,Perfect
carpenteraaron@parker.org,Rachel Morales,47,Female,No,Yes,Daily,Never,No,Yes,Maybe,Not Important,Mobile App,No,Work personal ever try past want spend probably.,Perfect,More than 1 tsp,More than 1 tsp,Too Salty,Perfect,Too Salty,1/2 tsp,N/A,N/A,Perfect
ashleydaniels@hotmail.com,Christian Johnson,63,Other,Yes,Yes,Daily,Always,No,Yes,Maybe,Important,Adjustable,Yes,Side imagine here far other build upon Mr study reach.,Perfect,Perfect,Too Bland,Perfect,Too Salty,N/A,Too Bland,Too Bland,N/A,More than 1 tsp
sanderscory@gmail.com,Michael Luna,40,Female,Yes,No,Monthly,Sometimes,No,No,Maybe,Neutral,Adjustable,Yes,Upon image under believe material language most.,Too Bland,1/4 tsp,N/A,Too Bland,Perfect,1/4 tsp,N/A,Too Bland,More than 1 tsp,1/4 tsp
zhensley@cox.com,Melissa Douglas,28,Female,Yes,Yes,Weekly,Always,Yes,No,No,Neutral,Voice Control,Yes,Play wide single structure still.,N/A,1/4 tsp,1/2 tsp,More than 1 tsp,N/A,Too Salty,N/A,N/A,1/4 tsp,N/A
diamondpowell@hotmail.com,Jeffrey Wilson,20,Other,Yes,Yes,Daily,Sometimes,Yes,No,Yes,Important,Simple UI,No,Offer yes including their safe next the tough spring move.,N/A,1/2 tsp,More than 1 tsp,More than 1 tsp,1/2 tsp,More than 1 tsp,1/2 tsp,1/4 tsp,Perfect,N/A
bensonsteven@freeman-castillo.com,Jose Spencer,35,Other,Yes,No,Rarely,Never,Yes,No,Yes,Not Important,Mobile App,Yes,Great every model able.,Too Bland,Perfect,Too Bland,Too Salty,Perfect,More than 1 tsp,Perfect,1/4 tsp,Too Bland,Too Bland
powellheidi@yahoo.com,William Perez,27,Female,No,No,Monthly,Never,No,No,No,Not Important,Simple UI,No,Among free parent enough everybody capital key.,Too Salty,1/2 tsp,1/4 tsp,Too Bland,Perfect,More than 1 tsp,1/4 tsp,Too Bland,Too Salty,Perfect
mwalker@gmail.com,Stephen Barrett,57,Female,Yes,Yes,Rarely,Never,Maybe,Yes,No,Very Important,Automated,No,Law city exactly remain lot city something at.,1/4 tsp,Perfect,Too Bland,Too Bland,More than 1 tsp,Too Bland,Too Bland,Too Salty,Too Salty,Perfect
ayalajames@gmail.com,Dawn Mitchell,63,Female,Yes,No,Daily,Always,Yes,Maybe,Maybe,Very Important,Adjustable,No,Great Mrs Congress southern rule before role.,Too Salty,Too Salty,More than 1 tsp,More than 1 tsp,More than 1 tsp,Too Bland,Perfect,N/A,Too Salty,More than 1 tsp
lschroeder@nelson.com,Christine Jackson,19,Female,No,No,Weekly,Never,Yes,Yes,Yes,Very Important,Adjustable,No,Return happy grow air mean point.,More than 1 tsp,Perfect,1/4 tsp,N/A,More than 1 tsp,Too Bland,1/2 tsp,1/2 tsp,N/A,Perfect
michelle40@daugherty.com,Lauren Davis,28,Male,Yes,No,Rarely,Sometimes,Yes,Maybe,Maybe,Neutral,Automated,Yes,Minute teach serve partner guy our begin identify.,Too Salty,Too Salty,1/2 tsp,Perfect,Too Salty,Too Salty,1/4 tsp,More than 1 tsp,1/4 tsp,Too Salty
charleskim@baker.com,Richard Campbell,30,Male,Yes,No,Rarely,Never,No,No,Maybe,Very Important,Simple UI,No,Important city maintain summer church.,1/4 tsp,N/A,N/A,Perfect,N/A,1/4 tsp,1/4 tsp,N/A,More than 1 tsp,1/4 tsp
richardsonsydney@gmail.com,Jamie Coleman MD,43,Male,No,Yes,Weekly,Always,No,Maybe,Maybe,Neutral,Automated,Yes,Administration tough who specific first worker fill also.,More than 1 tsp,More than 1 tsp,Perfect,Perfect,1/2 tsp,Too Bland,N/A,1/2 tsp,N/A,1/4 tsp
wallacelee@yahoo.com,Alexander Donovan,29,Other,No,Yes,Rarely,Never,Maybe,Yes,Yes,Important,Adjustable,No,Different short short place.,N/A,Too Salty,1/2 tsp,1/4 tsp,Perfect,More than 1 tsp,Too Bland,More than 1 tsp,Perfect,N/A
melindaweaver@gmail.com,Michael Kirk,23,Female,No,Yes,Monthly,Sometimes,Yes,No,No,Not Important,Automated,Yes,Shoulder state nearly responsibility recently stand eat.,More than 1 tsp,More than 1 tsp,N/A,Perfect,More than 1 tsp,Perfect,N/A,1/2 tsp,Too Salty,Too Bland
yrogers@young.com,Henry Gray,30,Male,No,No,Not applicable,Always,No,No,No,Not Important,Adjustable,No,Part suggest region few cut world something.,Too Bland,1/4 tsp,Too Salty,More than 1 tsp,Too Bland,1/2 tsp,1/4 tsp,Perfect,More than 1 tsp,Perfect
priscillajohnson@gmail.com,Olivia Villegas,57,Female,No,Yes,Rarely,Always,No,Maybe,Yes,Important,Mobile App,No,After benefit state boy opportunity senior member time rate morning.,1/4 tsp,Too Salty,More than 1 tsp,N/A,N/A,1/2 tsp,More than 1 tsp,Perfect,Too Bland,Too Bland
lucasanderson@gmail.com,Larry Hudson,41,Male,No,Yes,Not applicable,Always,Yes,Yes,Yes,Neutral,Voice Control,No,Collection nature red born leg.,Too Salty,Too Salty,1/4 tsp,Too Salty,More than 1 tsp,Too Bland,Too Salty,1/4 tsp,Too Salty,1/4 tsp
patrickruiz@gmail.com,Ian Webster,46,Other,No,Yes,Daily,Sometimes,Maybe,Maybe,Yes,Very Important,Mobile App,Yes,Tonight others money prevent rise hold true everything.,1/4 tsp,Perfect,Too Salty,1/2 tsp,N/A,1/4 tsp,Too Salty,1/4 tsp,1/4 tsp,N/A
lwilson@gmail.com,Timothy Ellis,51,Male,No,No,Daily,Never,Yes,No,Maybe,Not Important,Automated,No,Whether idea laugh approach author wife three.,1/2 tsp,More than 1 tsp,N/A,N/A,1/2 tsp,Too Bland,More than 1 tsp,N/A,Perfect,Too Bland
kristafox@jones.com,Shawn Roberts,24,Other,No,No,Weekly,Never,No,No,Yes,Neutral,Automated,No,Specific friend summer where fall economic.,More than 1 tsp,1/4 tsp,Too Salty,Too Salty,N/A,Perfect,Perfect,1/2 tsp,More than 1 tsp,1/4 tsp
kaufmannicholas@brewer.org,Angela Bailey,51,Other,Yes,No,Rarely,Always,Maybe,Maybe,No,Important,Automated,No,Official country take notice wind.,More than 1 tsp,Too Bland,Perfect,1/4 tsp,Too Bland,Too Salty,1/2 tsp,Perfect,More than 1 tsp,N/A
omunoz@sanders.biz,Daniel Glenn,21,Male,Yes,Yes,Daily,Always,Maybe,No,No,Neutral,Voice Control,No,When whatever visit decision art particular culture back.,N/A,1/2 tsp,1/4 tsp,1/4 tsp,1/4 tsp,Too Bland,N/A,1/4 tsp,More than 1 tsp,Perfect
brendajackson@rowe.biz,Andrea Bean,28,Female,Yes,Yes,Daily,Never,Maybe,Maybe,Yes,Not Important,Simple UI,No,Find wide single speech feel same major continue than shake.,N/A,Too Salty,1/2 tsp,1/4 tsp,More than 1 tsp,Perfect,Perfect,Too Bland,Too Salty,Too Salty
austin00@yahoo.com,Robin Neal,48,Female,No,No,Weekly,Always,Maybe,Maybe,No,Important,Adjustable,Yes,Race window west six provide ever also occur.,Too Salty,N/A,1/4 tsp,More than 1 tsp,Perfect,1/4 tsp,Too Salty,1/2 tsp,Too Bland,1/4 tsp
earlbaker@davis.com,Nicole Martinez,59,Female,Yes,No,Not applicable,Sometimes,Maybe,No,Yes,Important,Mobile App,Yes,Direction new themselves third big policy everybody any travel manager.,Too Salty,1/2 tsp,N/A,Perfect,N/A,Too Bland,More than 1 tsp,Perfect,1/4 tsp,Perfect
deborah92@whitney.com,Danielle Santiago,43,Female,Yes,No,Monthly,Never,Maybe,No,No,Neutral,Automated,Yes,Plan stand town bar ago sure.,Too Salty,Too Bland,Perfect,1/2 tsp,Too Bland,Too Salty,Perfect,1/2 tsp,1/2 tsp,Too Bland
pneal@king.com,Matthew Hodges,22,Other,No,No,Not applicable,Sometimes,Yes,No,Maybe,Neutral,Automated,No,Somebody behavior race positive near.,More than 1 tsp,N/A,1/2 tsp,Too Bland,Perfect,1/2 tsp,Too Salty,Perfect,N/A,N/A
matthewjoyce@hill.biz,Andrew Leonard,39,Female,No,No,Monthly,Always,No,Maybe,Maybe,Neutral,Automated,No,Side condition race reality degree happen seat drug.,1/2 tsp,Too Bland,1/4 tsp,1/2 tsp,Perfect,Too Bland,Perfect,More than 1 tsp,1/2 tsp,Perfect
josephcamacho@hotmail.com,Abigail Jimenez,56,Female,No,Yes,Daily,Always,No,No,No,Important,Automated,Yes,Trip nearly church five dog difference.,1/4 tsp,Perfect,1/2 tsp,Perfect,1/2 tsp,Too Salty,Perfect,More than 1 tsp,More than 1 tsp,1/4 tsp
murphyashley@anderson.com,Robin Martinez,30,Male,Yes,No,Daily,Always,Yes,No,No,Very Important,Simple UI,Yes,Thus likely computer develop fast point rich chair what own.,More than 1 tsp,Too Salty,Too Bland,Too Salty,1/2 tsp,1/2 tsp,1/4 tsp,1/2 tsp,1/4 tsp,Too Bland
hweeks@howard.com,Timothy Wood,23,Female,No,Yes,Weekly,Sometimes,No,No,Maybe,Important,Adjustable,No,Source food strong perform take perhaps.,1/4 tsp,More than 1 tsp,1/4 tsp,N/A,Perfect,Too Salty,N/A,Too Bland,Too Bland,Perfect
pbaker@gmail.com,Brian Lee,18,Other,Yes,No,Weekly,Never,Yes,Maybe,Maybe,Important,Automated,No,Project after quickly deal certain.,More than 1 tsp,More than 1 tsp,Too Salty,1/2 tsp,1/2 tsp,N/A,1/4 tsp,Too Bland,Perfect,Too Salty
john29@gmail.com,Todd Adams,43,Other,Yes,Yes,Rarely,Sometimes,Maybe,Maybe,Maybe,Neutral,Automated,No,Defense usually huge any language.,N/A,Perfect,1/2 tsp,Too Salty,N/A,More than 1 tsp,N/A,More than 1 tsp,1/2 tsp,Perfect
padillaalexander@yahoo.com,Angel Moore,42,Female,No,No,Daily,Never,No,No,Yes,Very Important,Automated,Yes,Stuff create focus single able bad strategy wind social agency.,N/A,More than 1 tsp,More than 1 tsp,Too Bland,Too Bland,Perfect,More than 1 tsp,Too Salty,N/A,Too Bland
mitchelllisa@simpson-garrett.net,Larry Barr,42,Male,Yes,Yes,Monthly,Never,Yes,Maybe,Yes,Important,Voice Control,No,Spring well turn yeah successful voice most.,Too Bland,N/A,More than 1 tsp,N/A,Too Salty,N/A,Too Salty,N/A,More than 1 tsp,1/4 tsp
judy70@gmail.com,Stacy Casey,26,Other,Yes,Yes,Daily,Always,Maybe,Yes,No,Neutral,Adjustable,No,Billion once across dark third build decide remember budget cover.,Too Bland,Too Bland,Too Bland,More than 1 tsp,Perfect,1/2 tsp,1/2 tsp,N/A,1/2 tsp,Too Bland
aweber@yahoo.com,James Ray,25,Female,No,No,Rarely,Sometimes,Yes,Yes,No,Very Important,Mobile App,Yes,Herself while serious test his student rich year rate fish.,1/2 tsp,More than 1 tsp,Too Bland,More than 1 tsp,Too Bland,N/A,1/4 tsp,1/4 tsp,Too Salty,Too Bland
anthony57@robinson.net,Danielle Wade,47,Other,Yes,Yes,Monthly,Sometimes,Maybe,Yes,Yes,Not Important,Voice Control,No,Stock weight small eight worker.,1/4 tsp,N/A,N/A,N/A,Too Salty,Too Salty,N/A,More than 1 tsp,Too Bland,N/A
romerojames@gmail.com,Teresa Bowers,43,Female,No,Yes,Daily,Always,Yes,Maybe,No,Very Important,Mobile App,Yes,Improve drug grow check necessary by past break pretty fill.,N/A,More than 1 tsp,1/2 tsp,Too Salty,Perfect,1/2 tsp,Perfect,1/4 tsp,1/4 tsp,Perfect
igordon@yahoo.com,Charles Smith,50,Other,No,No,Daily,Always,No,No,Yes,Not Important,Mobile App,Yes,Television as building price voice contain body gas.,1/2 tsp,Perfect,1/4 tsp,Perfect,Perfect,1/2 tsp,More than 1 tsp,1/2 tsp,N/A,Too Salty
fulleramy@yahoo.com,Dr. Christopher Whitney,30,Female,No,No,Monthly,Sometimes,Maybe,Yes,Maybe,Neutral,Voice Control,No,Practice plant partner case early participant administration soldier wife later.,N/A,1/2 tsp,1/2 tsp,Too Bland,N/A,1/2 tsp,1/4 tsp,N/A,More than 1 tsp,N/A
veronicaguzman@bates-cruz.com,Sharon Rich,41,Female,No,Yes,Weekly,Sometimes,Yes,Yes,No,Very Important,Voice Control,No,Quickly try especially than kitchen.,N/A,1/2 tsp,Too Bland,Perfect,More than 1 tsp,Too Bland,N/A,1/4 tsp,More than 1 tsp,Too Salty
taylorwalker@hotmail.com,Timothy Brady,40,Female,Yes,Yes,Daily,Sometimes,Maybe,No,Yes,Very Important,Voice Control,Yes,Require western community party man teach explain.,Too Salty,Too Salty,1/2 tsp,Perfect,Perfect,1/4 tsp,More than 1 tsp,Too Bland,1/4 tsp,Too Salty
phamamber@gmail.com,Candice Nunez,60,Other,Yes,Yes,Not applicable,Sometimes,No,Yes,No,Neutral,Mobile App,No,White character dream training opportunity fall sure hope summer out.,More than 1 tsp,Too Salty,1/4 tsp,N/A,More than 1 tsp,Too Bland,1/4 tsp,Perfect,Perfect,Perfect
bentonthomas@graham-jones.biz,Jonathan Walker,30,Female,Yes,No,Not applicable,Sometimes,Yes,Maybe,Yes,Very Important,Automated,Yes,Feel we individual kind similar term during project.,More than 1 tsp,1/2 tsp,Too Bland,More than 1 tsp,Too Salty,Perfect,Too Salty,1/4 tsp,Perfect,Too Salty
randy61@gmail.com,Nathan Washington,32,Male,Yes,No,Daily,Never,Maybe,Maybe,Maybe,Very Important,Adjustable,No,Born majority forward moment play seem far rate magazine win middle.,N/A,1/4 tsp,Perfect,More than 1 tsp,1/2 tsp,Too Salty,N/A,Too Bland,More than 1 tsp,Perfect
kkaufman@yahoo.com,William Santos,32,Male,No,No,Weekly,Never,Maybe,Maybe,Maybe,Very Important,Voice Control,No,Huge side scene ok hand player boy.,More than 1 tsp,1/4 tsp,Too Bland,Perfect,More than 1 tsp,1/4 tsp,1/4 tsp,Too Bland,Too Bland,1/4 tsp
umartin@fernandez.biz,Stephanie Serrano,56,Other,Yes,Yes,Weekly,Always,Maybe,Yes,No,Very Important,Voice Control,Yes,Report manager or nice understand common explain director.,1/2 tsp,More than 1 tsp,Too Bland,1/4 tsp,1/4 tsp,N/A,Too Bland,More than 1 tsp,More than 1 tsp,Perfect
tmckinney@munoz-burton.com,Jose Kaiser,28,Other,Yes,No,Not applicable,Sometimes,Maybe,Maybe,Yes,Very Important,Adjustable,No,On safe up animal interview music across by somebody guy sign.,Too Bland,1/2 tsp,1/2 tsp,More than 1 tsp,1/4 tsp,1/2 tsp,More than 1 tsp,1/4 tsp,1/2 tsp,Perfect
woodsjanet@yahoo.com,Shirley Mckay,56,Other,No,No,Daily,Always,No,Yes,Yes,Neutral,Automated,Yes,Him rate five tonight.,Too Salty,1/2 tsp,Too Salty,Too Bland,1/4 tsp,Perfect,N/A,Perfect,Too Bland,Perfect
catherinewatson@gmail.com,Sheila Donovan,24,Female,Yes,No,Monthly,Never,Maybe,Maybe,Yes,Very Important,Mobile App,No,Mouth with either their today.,N/A,Perfect,1/2 tsp,Too Salty,1/4 tsp,1/4 tsp,N/A,Too Bland,Too Salty,Too Bland
jennifer96@yahoo.com,Sierra Nichols,35,Other,No,Yes,Rarely,Never,Maybe,No,Yes,Important,Adjustable,No,Production mission value crime easy these be.,1/4 tsp,1/2 tsp,N/A,1/2 tsp,1/4 tsp,Too Salty,Perfect,Perfect,Too Salty,Perfect
shane21@mullen.biz,Richard Bond,32,Female,Yes,Yes,Daily,Never,No,Yes,No,Very Important,Simple UI,No,Product goal music five which employee the boy computer I but.,1/4 tsp,More than 1 tsp,More than 1 tsp,More than 1 tsp,N/A,N/A,1/2 tsp,More than 1 tsp,Perfect,1/2 tsp
edwardstimothy@hotmail.com,Jennifer Conrad,25,Male,No,Yes,Weekly,Always,No,Yes,No,Not Important,Simple UI,Yes,Seven voice forget through nothing realize base particular will.,Too Bland,Too Bland,N/A,Perfect,1/2 tsp,Perfect,Too Salty,1/4 tsp,Too Bland,1/4 tsp
zwalker@hotmail.com,Jill Thompson MD,45,Male,No,No,Daily,Sometimes,No,Maybe,No,Important,Adjustable,Yes,Bag manage science paper reality finish tough accept affect happen.,1/2 tsp,Too Salty,1/4 tsp,1/4 tsp,Too Salty,Too Salty,Perfect,Too Salty,1/4 tsp,Perfect
zhawkins@gmail.com,Lisa Miller,44,Other,No,No,Monthly,Always,No,Yes,Maybe,Important,Adjustable,No,Reveal stuff note front control student pass.,Too Salty,Too Bland,Too Salty,More than 1 tsp,Perfect,Perfect,N/A,Too Salty,Perfect,Too Bland
charles15@yahoo.com,Alex Rodriguez,18,Male,Yes,Yes,Weekly,Always,No,Yes,Yes,Very Important,Automated,No,Notice reveal maybe pay everybody apply despite reach.,Perfect,Too Bland,Perfect,More than 1 tsp,Too Bland,1/4 tsp,Too Bland,More than 1 tsp,Too Salty,1/2 tsp
fishercharles@johnson.biz,Anthony Cunningham,33,Other,Yes,No,Monthly,Never,No,No,No,Not Important,Mobile App,No,Onto get practice back seven candidate rock form difference thought.,1/2 tsp,Too Salty,Too Salty,More than 1 tsp,More than 1 tsp,1/2 tsp,Perfect,Too Salty,Too Bland,Too Salty
zwiggins@yahoo.com,Jessica Love,33,Other,No,Yes,Monthly,Always,Maybe,Yes,Yes,Important,Mobile App,No,People party cost former base play never.,N/A,More than 1 tsp,1/4 tsp,Perfect,1/4 tsp,Too Salty,More than 1 tsp,Too Salty,Too Salty,More than 1 tsp
monica76@davis.net,Leslie Rivera,51,Female,No,No,Monthly,Always,Maybe,No,Yes,Not Important,Voice Control,Yes,Development you add energy article.,Perfect,N/A,More than 1 tsp,Too Bland,Perfect,Too Bland,Too Bland,More than 1 tsp,Too Salty,More than 1 tsp
robertanderson@washington.com,Christopher Lopez,52,Male,No,Yes,Monthly,Always,No,Maybe,Maybe,Important,Simple UI,Yes,Cover might dinner beautiful pull day think image.,More than 1 tsp,Too Bland,Too Salty,Perfect,1/2 tsp,N/A,More than 1 tsp,Perfect,1/4 tsp,More than 1 tsp
georgeandrews@james-martinez.net,Amber Cameron,41,Male,Yes,No,Daily,Always,Yes,No,Yes,Important,Adjustable,Yes,Mission again nearly focus drug rest rather list thank up want.,N/A,Too Bland,Too Bland,Too Salty,N/A,More than 1 tsp,N/A,More than 1 tsp,1/2 tsp,1/2 tsp
michaeldiaz@yahoo.com,Erica Huffman,26,Female,Yes,No,Rarely,Always,Maybe,Maybe,No,Very Important,Simple UI,Yes,Now alone type political play.,More than 1 tsp,1/4 tsp,1/4 tsp,More than 1 tsp,N/A,Perfect,1/4 tsp,Too Salty,Too Bland,Perfect
igibson@hotmail.com,Nicholas Turner,59,Other,No,No,Monthly,Sometimes,Yes,Yes,Maybe,Important,Simple UI,Yes,Article skill across blue help speech.,More than 1 tsp,1/4 tsp,1/2 tsp,Perfect,More than 1 tsp,1/4 tsp,1/2 tsp,1/4 tsp,More than 1 tsp,N/A
walkerstephanie@martinez.com,Amanda Nelson,32,Male,Yes,Yes,Daily,Always,Maybe,No,Maybe,Very Important,Simple UI,Yes,Game follow big process heart bank small friend.,1/4 tsp,Perfect,1/4 tsp,N/A,Too Salty,N/A,Too Bland,N/A,Too Bland,Perfect
dstewart@yahoo.com,David Wright,33,Female,Yes,Yes,Not applicable,Sometimes,Yes,No,Yes,Not Important,Mobile App,No,Control wide see memory summer today we door film idea.,1/2 tsp,1/4 tsp,Too Salty,Perfect,Too Bland,1/2 tsp,Too Bland,1/4 tsp,Perfect,Too Salty
powersjeremy@hotmail.com,Arthur Davis,52,Male,Yes,Yes,Rarely,Never,Maybe,Maybe,No,Important,Adjustable,No,If remain meet international billion get especially director.,N/A,Perfect,Too Bland,1/2 tsp,N/A,N/A,1/4 tsp,N/A,1/4 tsp,N/A
wagnerann@arnold.com,Jerry Schwartz,62,Female,No,No,Not applicable,Never,Yes,Yes,Maybe,Important,Voice Control,No,Themselves realize even any into staff community.,N/A,Too Bland,1/2 tsp,1/2 tsp,More than 1 tsp,More than 1 tsp,More than 1 tsp,N/A,1/4 tsp,N/A
barberpaula@wise.com,Steven Anderson,23,Other,Yes,Yes,Not applicable,Never,No,Maybe,No,Very Important,Adjustable,Yes,Station say place night score painting responsibility.,Perfect,Too Salty,More than 1 tsp,N/A,1/4 tsp,Too Salty,N/A,Too Salty,1/2 tsp,1/2 tsp
zachary86@gmail.com,Jenna Thompson,35,Male,Yes,Yes,Weekly,Never,Yes,Maybe,Yes,Very Important,Voice Control,Yes,Middle work cost crime send final.,1/2 tsp,Too Salty,1/2 tsp,Too Bland,Too Salty,More than 1 tsp,More than 1 tsp,1/4 tsp,Too Bland,Too Bland
burgesskimberly@mccormick.net,Julia Morgan,59,Other,Yes,No,Not applicable,Sometimes,No,No,Yes,Very Important,Simple UI,Yes,Discussion act support head particularly claim put both program condition.,N/A,N/A,Too Salty,More than 1 tsp,Too Bland,Too Bland,1/2 tsp,N/A,More than 1 tsp,N/A
uclay@gmail.com,Rebecca Mccoy,22,Male,No,No,Daily,Always,Maybe,Yes,Maybe,Important,Mobile App,Yes,Not way our concern leave.,Perfect,Too Bland,1/2 tsp,N/A,Too Salty,Perfect,1/4 tsp,1/2 tsp,Too Salty,Too Salty
rachellee@yahoo.com,Tiffany Hubbard,24,Male,Yes,Yes,Daily,Sometimes,No,No,Yes,Important,Adjustable,Yes,Affect dog there itself money beautiful commercial.,N/A,1/2 tsp,1/2 tsp,N/A,Too Bland,1/2 tsp,Too Salty,Perfect,1/4 tsp,Too Salty
melissaterrell@harrington-morris.org,Megan Russell,57,Male,No,No,Daily,Sometimes,No,Yes,No,Important,Automated,No,Out it task significant speak change century performance prepare.,Too Bland,Too Bland,Too Bland,1/4 tsp,More than 1 tsp,Too Salty,Perfect,N/A,1/2 tsp,Too Salty
bdavis@sims.biz,Jennifer Sullivan,33,Other,No,Yes,Not applicable,Never,Maybe,No,Yes,Neutral,Mobile App,Yes,Language age lawyer Congress nearly affect any ask point.,Too Salty,1/2 tsp,1/4 tsp,More than 1 tsp,More than 1 tsp,Too Salty,1/4 tsp,1/2 tsp,Perfect,N/A
schneidermichael@bates.net,Susan Hill,58,Female,Yes,Yes,Monthly,Always,No,No,Yes,Neutral,Simple UI,Yes,Point build institution purpose guess choice each opportunity.,N/A,More than 1 tsp,1/4 tsp,1/2 tsp,N/A,N/A,N/A,Perfect,N/A,More than 1 tsp
dsmith@gmail.com,Janice Turner,30,Male,Yes,No,Not applicable,Never,Yes,No,Yes,Neutral,Adjustable,Yes,Beyond including star on fast.,N/A,Too Salty,Too Bland,N/A,1/2 tsp,1/4 tsp,1/2 tsp,1/4 tsp,More than 1 tsp,Too Bland
jvelasquez@yahoo.com,Cassandra Clark,62,Male,No,No,Weekly,Always,No,Maybe,Yes,Neutral,Voice Control,Yes,Serve despite the population card them ability cold voice voice.,Perfect,1/2 tsp,N/A,N/A,Too Bland,1/2 tsp,1/4 tsp,1/2 tsp,1/2 tsp,Too Salty
patriciaturner@gmail.com,Bradley Browning,50,Male,Yes,No,Monthly,Never,Maybe,No,Maybe,Very Important,Mobile App,No,Attention just TV international ask.,1/4 tsp,1/2 tsp,1/2 tsp,More than 1 tsp,More than 1 tsp,N/A,More than 1 tsp,Too Salty,Too Bland,N/A
nlowe@yahoo.com,David Green,65,Male,No,Yes,Monthly,Never,No,Maybe,No,Neutral,Voice Control,Yes,Decade law movie research center dream service five recent.,Perfect,Too Salty,1/4 tsp,More than 1 tsp,More than 1 tsp,Too Salty,More than 1 tsp,Perfect,More than 1 tsp,1/2 tsp
melissasoto@yahoo.com,Anne Powers,23,Other,No,No,Rarely,Never,Yes,No,No,Neutral,Automated,Yes,American most travel expert order career stage kitchen any listen else.,Too Bland,1/4 tsp,More than 1 tsp,1/2 tsp,1/4 tsp,Perfect,More than 1 tsp,Perfect,More than 1 tsp,Too Salty
ianbrown@hotmail.com,Lisa Luna,65,Male,Yes,Yes,Not applicable,Never,No,No,Yes,Very Important,Automated,No,Rate your interview realize develop save follow.,1/2 tsp,Too Bland,1/2 tsp,Too Salty,Perfect,Perfect,Perfect,Too Salty,Perfect,1/2 tsp
ysmith@hotmail.com,Dylan Morgan,21,Other,Yes,Yes,Not applicable,Sometimes,Maybe,No,Yes,Important,Automated,Yes,Short conference standard happen child record.,More than 1 tsp,More than 1 tsp,More than 1 tsp,Too Salty,Too Bland,1/2 tsp,Too Bland,N/A,Too Bland,Too Salty
marcwright@hotmail.com,David Atkins,64,Male,No,Yes,Weekly,Sometimes,Maybe,Yes,Yes,Neutral,Mobile App,No,Agency act or whose state where institution stop.,Too Bland,Perfect,Too Bland,N/A,More than 1 tsp,Perfect,N/A,N/A,Too Salty,Too Salty
cbarrett@yahoo.com,Dennis Herman,56,Other,No,No,Rarely,Always,Maybe,Maybe,Maybe,Not Important,Voice Control,Yes,Ball man claim every last reason.,Too Salty,N/A,Perfect,1/2 tsp,More than 1 tsp,Too Salty,Too Salty,1/2 tsp,Perfect,Too Salty
jonathanwilson@hotmail.com,Brianna Berry,65,Male,Yes,Yes,Monthly,Always,No,Maybe,Maybe,Very Important,Adjustable,Yes,Sing occur arm defense leg.,Perfect,Perfect,1/4 tsp,Perfect,More than 1 tsp,1/2 tsp,Too Bland,More than 1 tsp,1/2 tsp,1/4 tsp
salazarjessica@yahoo.com,Brian Hood,27,Male,No,Yes,Rarely,Never,No,Maybe,Maybe,Not Important,Automated,No,Drop marriage total wish car.,1/2 tsp,Too Salty,Perfect,Too Bland,N/A,Perfect,1/4 tsp,Too Bland,Too Bland,N/A
lee90@fleming.com,John Patrick,58,Other,No,Yes,Monthly,Never,Maybe,Yes,Maybe,Neutral,Simple UI,No,Participant such article particular six between as.,More than 1 tsp,More than 1 tsp,More than 1 tsp,N/A,1/2 tsp,Too Salty,1/4 tsp,1/2 tsp,1/2 tsp,Too Salty
lgardner@bailey.com,Thomas Davis,37,Male,Yes,No,Not applicable,Always,No,Yes,No,Very Important,Voice Control,Yes,Until medical parent against music minute decision under realize trouble.,Perfect,1/2 tsp,Perfect,Too Salty,1/4 tsp,More than 1 tsp,1/4 tsp,1/4 tsp,1/4 tsp,Perfect
bishopglenn@yahoo.com,Christopher Lopez,32,Female,Yes,Yes,Rarely,Sometimes,Yes,No,No,Neutral,Simple UI,No,Spend official as total performance central three.,More than 1 tsp,1/2 tsp,Perfect,1/2 tsp,Too Salty,More than 1 tsp,Too Bland,1/4 tsp,Too Salty,More than 1 tsp
jeremy88@johnson.biz,Paul Spence,37,Female,Yes,Yes,Weekly,Never,Yes,Maybe,Maybe,Neutral,Automated,No,Ten upon maintain must remain possible hot.,More than 1 tsp,1/4 tsp,Too Bland,N/A,1/4 tsp,More than 1 tsp,More than 1 tsp,1/4 tsp,More than 1 tsp,Perfect
rmiller@hotmail.com,Thomas Hayes,37,Female,Yes,No,Weekly,Never,No,Yes,No,Very Important,Mobile App,Yes,Imagine such including rock establish force.,1/2 tsp,Too Bland,1/2 tsp,Perfect,Too Salty,Too Bland,Perfect,N/A,N/A,1/4 tsp
richard41@yahoo.com,Michael Norton,36,Male,No,Yes,Monthly,Sometimes,Maybe,Yes,Yes,Neutral,Adjustable,Yes,Tax paper human benefit chance three necessary final best central.,1/4 tsp,More than 1 tsp,More than 1 tsp,Perfect,Too Bland,Too Bland,Perfect,1/4 tsp,Too Bland,1/2 tsp
jackhurley@miller.biz,Michael Rodriguez,56,Other,Yes,Yes,Not applicable,Never,No,No,Maybe,Not Important,Adjustable,No,Theory exist picture should its.,More than 1 tsp,Too Bland,More than 1 tsp,1/4 tsp,Perfect,Perfect,Perfect,N/A,Perfect,Perfect
hernandezjennifer@yahoo.com,Kayla Dunn,22,Male,Yes,Yes,Daily,Sometimes,Maybe,Maybe,Maybe,Neutral,Voice Control,Yes,Mind enjoy suddenly state firm heart actually poor.,Perfect,Perfect,Perfect,N/A,1/4 tsp,Too Salty,1/2 tsp,1/4 tsp,1/4 tsp,N/A
alowe@jacobson.org,Patricia Trujillo,21,Other,No,Yes,Monthly,Never,Yes,Maybe,Yes,Important,Simple UI,No,Thing manager difficult some laugh western interesting again.,N/A,Too Salty,Too Salty,Perfect,More than 1 tsp,1/2 tsp,N/A,Perfect,Perfect,Too Bland
shannonbenson@mendez.biz,Rebecca Peterson,48,Other,Yes,No,Monthly,Sometimes,Maybe,Yes,Maybe,Important,Mobile App,Yes,Popular sense country radio everything outside.,More than 1 tsp,1/2 tsp,N/A,Too Salty,Too Bland,Too Bland,Too Salty,Too Salty,1/2 tsp,Too Salty
michelledouglas@yahoo.com,Deborah Richardson,60,Male,No,No,Not applicable,Sometimes,Yes,Maybe,Maybe,Neutral,Mobile App,No,Relate store design unit still thing movement goal food.,1/4 tsp,1/4 tsp,Perfect,More than 1 tsp,1/4 tsp,1/2 tsp,1/2 tsp,Too Bland,More than 1 tsp,1/2 tsp
lyang@hotmail.com,Lauren Walker,42,Female,No,Yes,Daily,Never,Maybe,Maybe,Yes,Not Important,Adjustable,No,Ready lead agree year too raise option partner allow.,Perfect,N/A,1/4 tsp,More than 1 tsp,Perfect,N/A,Too Bland,Perfect,1/2 tsp,More than 1 tsp
hbailey@brown-cardenas.org,Mark Perez,51,Other,No,Yes,Weekly,Always,Yes,No,Yes,Important,Simple UI,Yes,Economy from itself business wide wish physical skill report.,1/2 tsp,Too Bland,More than 1 tsp,N/A,More than 1 tsp,N/A,N/A,More than 1 tsp,1/2 tsp,Too Salty
austin14@hotmail.com,Brianna Martin,45,Female,No,No,Rarely,Never,Yes,Yes,Yes,Not Important,Adjustable,Yes,Act civil part along market line.,Too Salty,1/4 tsp,Perfect,N/A,N/A,1/2 tsp,Too Salty,Too Salty,1/2 tsp,Perfect
greentony@shelton.com,Cathy Gilbert,37,Male,Yes,No,Monthly,Sometimes,Yes,No,Yes,Important,Simple UI,Yes,Can even young control director too sport relationship itself surface.,Too Salty,Too Salty,Too Bland,More than 1 tsp,Too Bland,Perfect,More than 1 tsp,1/4 tsp,1/2 tsp,More than 1 tsp
megan45@english-king.com,Michael Fernandez,62,Female,Yes,No,Not applicable,Never,No,Yes,No,Neutral,Adjustable,Yes,Ten southern public may scientist worker stand whole suddenly.,More than 1 tsp,Too Bland,Perfect,Too Salty,1/4 tsp,Perfect,Too Salty,N/A,Too Bland,More than 1 tsp
shawn77@hotmail.com,Andrew Jones,21,Other,No,No,Weekly,Always,Yes,No,No,Important,Automated,Yes,Score against voice ground serious scientist.,1/4 tsp,1/2 tsp,N/A,More than 1 tsp,1/4 tsp,Too Salty,Too Bland,1/4 tsp,1/2 tsp,Too Salty
reidfrank@yahoo.com,Cody Salas,40,Male,No,Yes,Rarely,Always,Maybe,No,Maybe,Not Important,Adjustable,Yes,All family interview someone rise government myself offer.,N/A,Perfect,N/A,Too Salty,Perfect,1/2 tsp,Too Salty,Too Bland,1/4 tsp,Too Salty
alexandra43@yahoo.com,Douglas Velasquez,36,Other,No,Yes,Daily,Sometimes,No,No,No,Very Important,Simple UI,Yes,Future production live international off road just education life character.,Too Salty,Too Bland,Too Bland,Perfect,Too Bland,1/2 tsp,More than 1 tsp,More than 1 tsp,Too Salty,Perfect
phillip84@gmail.com,Brittany Martin,48,Male,Yes,Yes,Rarely,Never,Yes,Yes,Yes,Very Important,Automated,No,Light federal them national beautiful professional short early end necessary.,Too Salty,Too Bland,1/2 tsp,N/A,Too Bland,Too Bland,Perfect,N/A,1/2 tsp,Perfect
sdominguez@hotmail.com,Jeffrey Contreras,41,Male,No,Yes,Weekly,Never,Maybe,Maybe,Yes,Very Important,Voice Control,Yes,Ago both whom political when.,N/A,Too Salty,Too Salty,Too Salty,N/A,1/4 tsp,Too Bland,Perfect,1/4 tsp,Too Bland
wilkinsmatthew@mckay.com,Paul Vasquez,63,Other,No,Yes,Weekly,Always,Maybe,Yes,Yes,Important,Adjustable,Yes,Apply similar speech size take reveal center believe care democratic.,Too Salty,Too Bland,Perfect,Too Salty,1/2 tsp,Perfect,More than 1 tsp,Too Bland,N/A,Perfect
jonathantaylor@yahoo.com,Victor Cooper,44,Female,Yes,No,Daily,Sometimes,No,Maybe,Yes,Important,Mobile App,Yes,Most garden expect include the.,More than 1 tsp,More than 1 tsp,1/4 tsp,N/A,Too Bland,Too Salty,Perfect,Too Bland,N/A,Too Salty
kathrynmorrison@hotmail.com,Henry Payne,44,Female,Yes,No,Weekly,Always,Maybe,Maybe,No,Very Important,Adjustable,Yes,Method anything forward discuss recently.,1/2 tsp,N/A,N/A,More than 1 tsp,Too Bland,N/A,Perfect,1/2 tsp,1/4 tsp,Too Salty
kelleyjulia@yahoo.com,Eileen Avila,23,Male,No,No,Not applicable,Always,Maybe,Maybe,Yes,Neutral,Voice Control,No,Relate compare collection story remain reality simply community control.,More than 1 tsp,1/4 tsp,More than 1 tsp,N/A,1/4 tsp,1/4 tsp,Too Salty,Too Salty,1/4 tsp,More than 1 tsp
umiller@castro.info,Michael Powell,47,Other,No,No,Rarely,Always,No,Maybe,Maybe,Not Important,Simple UI,No,Inside all for check report former.,1/4 tsp,Too Bland,1/2 tsp,1/4 tsp,N/A,Too Salty,Perfect,More than 1 tsp,1/2 tsp,Perfect
cabrerajohn@hall-kline.com,Mark George,62,Other,Yes,Yes,Weekly,Never,No,Maybe,No,Not Important,Mobile App,No,Across admit financial that job ability Democrat modern realize.,Too Bland,Too Salty,Too Salty,N/A,N/A,1/2 tsp,N/A,Perfect,Too Bland,More than 1 tsp
kaufmansamantha@yahoo.com,Aaron Peterson,50,Other,No,No,Rarely,Always,Yes,Maybe,Maybe,Important,Automated,Yes,Push remain sometimes left none business after outside pattern which.,More than 1 tsp,N/A,1/2 tsp,1/4 tsp,Too Bland,Perfect,More than 1 tsp,N/A,1/2 tsp,Too Salty
jesus28@stafford-watson.com,Rebecca Dunlap,64,Other,No,Yes,Rarely,Never,Yes,Yes,Maybe,Not Important,Mobile App,Yes,Job song TV continue hot successful woman blood.,Too Bland,Too Bland,1/4 tsp,1/2 tsp,Perfect,1/2 tsp,Perfect,Perfect,Too Salty,More than 1 tsp
garciacathy@williams-mccullough.com,Robert Lewis,49,Male,Yes,Yes,Monthly,Sometimes,Maybe,Yes,Maybe,Not Important,Voice Control,No,Growth couple billion source business result course nature force.,1/2 tsp,Too Salty,N/A,Too Salty,Perfect,N/A,Too Salty,1/2 tsp,Too Salty,Too Bland
samuelsmith@levy.info,Mr. Drew Diaz,32,Male,No,No,Daily,Never,Maybe,Yes,Maybe,Important,Voice Control,Yes,Course never agree buy idea nature industry.,Too Salty,More than 1 tsp,1/2 tsp,1/4 tsp,Perfect,Perfect,Perfect,Too Salty,More than 1 tsp,Too Bland
wwalker@baker.biz,Jennifer Grant,39,Male,Yes,No,Weekly,Always,Yes,No,Maybe,Neutral,Voice Control,Yes,Own enter education least standard.,More than 1 tsp,1/2 tsp,1/2 tsp,Too Bland,N/A,More than 1 tsp,Too Salty,Too Bland,More than 1 tsp,Perfect
garciacarrie@cruz.com,Vincent Price,61,Female,Yes,No,Rarely,Never,Yes,Yes,Maybe,Not Important,Automated,No,Truth sport maybe full window back magazine recent.,1/2 tsp,N/A,Too Bland,More than 1 tsp,1/4 tsp,1/2 tsp,Too Salty,More than 1 tsp,Perfect,1/4 tsp
chadbryant@yahoo.com,Terry Miller,40,Female,Yes,No,Monthly,Sometimes,Maybe,No,No,Not Important,Voice Control,No,Improve race like few final heart financial.,More than 1 tsp,1/2 tsp,More than 1 tsp,1/4 tsp,Too Bland,Perfect,N/A,N/A,N/A,1/2 tsp
gloverstephanie@yahoo.com,Dawn Estrada,65,Male,Yes,Yes,Monthly,Never,No,Yes,No,Not Important,Simple UI,Yes,Financial positive forget page between participant.,Too Salty,Too Salty,More than 1 tsp,Too Bland,N/A,1/4 tsp,More than 1 tsp,Perfect,1/2 tsp,Too Bland
debra39@torres.org,Sydney Jackson,35,Other,Yes,Yes,Not applicable,Always,No,No,No,Important,Automated,No,Away half age while skill tough role herself wall.,More than 1 tsp,More than 1 tsp,More than 1 tsp,Too Salty,1/4 tsp,1/4 tsp,More than 1 tsp,Too Bland,1/2 tsp,1/4 tsp
hernandezashley@cameron.com,Sherry Martin,61,Male,No,No,Not applicable,Always,No,Maybe,Yes,Neutral,Automated,No,New simply performance social PM part argue sit oil lay.,Too Bland,Too Bland,More than 1 tsp,More than 1 tsp,N/A,1/2 tsp,More than 1 tsp,Too Bland,1/4 tsp,1/2 tsp
dmaldonado@reynolds.biz,Renee Weaver,46,Female,No,Yes,Monthly,Never,Maybe,Yes,Yes,Important,Simple UI,No,Pull hold develop side whatever.,1/4 tsp,1/4 tsp,1/2 tsp,1/2 tsp,N/A,1/4 tsp,1/2 tsp,Perfect,Too Bland,Too Bland
nicholsonkatrina@dawson-jackson.com,Thomas Deleon,27,Female,Yes,No,Daily,Sometimes,Maybe,No,No,Not Important,Simple UI,Yes,Back interesting visit stock pick use cell assume officer young.,More than 1 tsp,Too Bland,More than 1 tsp,Perfect,Too Salty,More than 1 tsp,1/4 tsp,More than 1 tsp,1/2 tsp,1/4 tsp
danielle01@yahoo.com,Jon Larson,29,Male,No,Yes,Rarely,Always,Yes,Yes,Maybe,Important,Voice Control,No,Check so debate bring enough teach age.,More than 1 tsp,1/4 tsp,Too Bland,1/4 tsp,Too Bland,More than 1 tsp,More than 1 tsp,More than 1 tsp,Too Bland,Too Bland
howelltyler@johnson.com,Aaron Jimenez,20,Female,Yes,No,Daily,Always,Maybe,No,No,Neutral,Adjustable,Yes,Many realize pattern all create value just shoulder huge.,N/A,Too Salty,More than 1 tsp,Too Salty,Perfect,N/A,N/A,N/A,N/A,Perfect
daniel84@myers.info,Holly Riley,28,Female,No,No,Not applicable,Sometimes,Maybe,Yes,No,Important,Adjustable,No,Feel manage individual house public never.,1/2 tsp,Too Bland,1/2 tsp,Perfect,More than 1 tsp,1/4 tsp,Too Bland,1/4 tsp,Too Salty,Perfect
imitchell@hotmail.com,Emily Hernandez,64,Female,Yes,Yes,Monthly,Always,No,No,Yes,Not Important,Mobile App,Yes,Indeed vote interview treatment tonight shoulder ability inside quality.,1/2 tsp,Perfect,1/4 tsp,Too Salty,1/4 tsp,More than 1 tsp,More than 1 tsp,Too Salty,1/4 tsp,Too Bland
linjennifer@martin-huang.com,Tanya Davis,25,Other,Yes,No,Monthly,Sometimes,No,No,No,Important,Adjustable,No,Law difficult or church moment series whose successful.,Too Bland,Perfect,Too Bland,Too Salty,More than 1 tsp,Too Bland,Too Bland,Perfect,1/4 tsp,1/4 tsp
ageorge@gmail.com,Mrs. Courtney Lewis,30,Female,No,No,Rarely,Never,Maybe,Yes,No,Neutral,Adjustable,Yes,Space brother bed share full east bad game Congress per.,Too Salty,More than 1 tsp,1/4 tsp,Perfect,1/4 tsp,1/4 tsp,1/4 tsp,N/A,More than 1 tsp,Perfect
murphytyler@gmail.com,Jordan Herrera,29,Female,No,No,Not applicable,Sometimes,Yes,Maybe,No,Important,Adjustable,Yes,Able this yard run point history really.,More than 1 tsp,More than 1 tsp,1/2 tsp,N/A,1/2 tsp,1/2 tsp,Perfect,1/4 tsp,Too Salty,N/A
qmorgan@yahoo.com,Brenda Burns,52,Female,Yes,Yes,Rarely,Never,Maybe,No,Yes,Not Important,Voice Control,No,Act pretty against series site reduce statement miss decade.,Too Salty,Perfect,More than 1 tsp,1/2 tsp,1/2 tsp,Too Salty,N/A,1/2 tsp,Perfect,Perfect
uwilkinson@gmail.com,Ross Johnson,55,Other,Yes,Yes,Rarely,Never,Yes,Maybe,Maybe,Important,Voice Control,No,Personal few have spend than support soon.,Too Salty,Too Salty,N/A,1/4 tsp,1/2 tsp,Perfect,Too Salty,Too Salty,1/2 tsp,1/4 tsp
conwayjoseph@hotmail.com,Gary Farrell,54,Female,No,No,Weekly,Sometimes,Yes,No,Maybe,Very Important,Voice Control,No,Laugh history look model present interest her Mrs ground sit.,Too Salty,N/A,Too Bland,Perfect,Too Bland,1/4 tsp,1/4 tsp,Too Bland,Too Salty,More than 1 tsp
theresakent@delacruz.biz,Bradley Summers,29,Female,Yes,No,Monthly,Sometimes,Yes,Yes,No,Neutral,Automated,No,Onto performance evidence measure need a real executive.,1/4 tsp,1/2 tsp,Too Bland,Perfect,1/2 tsp,Too Bland,N/A,1/2 tsp,N/A,1/4 tsp
ryan49@campbell-gray.com,Deborah Fritz,28,Male,No,No,Daily,Always,No,No,Yes,Important,Simple UI,Yes,Soon collection year build rise lawyer.,Perfect,Perfect,Too Salty,Too Bland,Too Bland,1/4 tsp,Perfect,Too Salty,Too Salty,N/A
blacknina@cobb.com,Stacy Duncan,22,Male,Yes,No,Monthly,Sometimes,Yes,Maybe,Maybe,Important,Automated,No,Our item idea choose when save cultural course discussion the.,More than 1 tsp,N/A,More than 1 tsp,Perfect,Perfect,1/4 tsp,Perfect,1/2 tsp,Too Salty,Perfect
harrymorris@hotmail.com,Lacey Ibarra,50,Male,Yes,Yes,Not applicable,Sometimes,No,Maybe,Maybe,Neutral,Mobile App,Yes,Be consumer early nearly begin begin.,Perfect,N/A,Too Bland,1/4 tsp,Too Salty,More than 1 tsp,Perfect,Perfect,Perfect,Too Bland
eric76@yahoo.com,Scott Griffin,39,Female,No,Yes,Monthly,Always,No,No,Maybe,Very Important,Automated,Yes,Offer small ready image mouth big.,1/4 tsp,1/4 tsp,More than 1 tsp,Too Bland,More than 1 tsp,Too Bland,Perfect,Perfect,More than 1 tsp,N/A
zburns@cuevas-dickerson.com,James Price,24,Other,Yes,No,Daily,Always,No,No,Yes,Not Important,Automated,Yes,Artist treatment woman easy around interesting above eye current light.,1/2 tsp,Too Salty,More than 1 tsp,N/A,Too Salty,Perfect,1/2 tsp,1/4 tsp,1/4 tsp,Too Bland
andersonjames@yahoo.com,Madison Cummings,19,Other,Yes,Yes,Not applicable,Sometimes,No,Yes,Yes,Neutral,Automated,Yes,Organization develop art significant themselves about where.,Too Salty,Too Bland,More than 1 tsp,Too Salty,N/A,Too Salty,1/2 tsp,Perfect,More than 1 tsp,Too Salty
daniel11@hotmail.com,Wendy Brown,21,Other,Yes,No,Not applicable,Always,Maybe,No,Maybe,Very Important,Simple UI,No,So choice must month start expect.,N/A,1/2 tsp,1/4 tsp,1/4 tsp,1/4 tsp,Too Bland,More than 1 tsp,N/A,1/4 tsp,1/2 tsp
adamszachary@king-anderson.net,Thomas Gutierrez,36,Female,Yes,No,Not applicable,Never,Yes,Yes,No,Neutral,Mobile App,Yes,Also trip cost perform piece throughout present nature.,Perfect,More than 1 tsp,Perfect,1/2 tsp,Perfect,1/2 tsp,Too Bland,Too Salty,N/A,N/A
janice72@sanchez-rodgers.com,Kara Braun,44,Female,Yes,No,Weekly,Always,Yes,No,No,Very Important,Automated,Yes,Whole catch somebody exactly until performance identify yet clearly.,Too Bland,Too Bland,Too Bland,Perfect,Perfect,Too Bland,1/4 tsp,1/4 tsp,Too Salty,1/2 tsp
brian17@diaz-olsen.com,John Hurley,40,Female,No,No,Not applicable,Always,Yes,No,Yes,Very Important,Mobile App,Yes,Myself always suggest least civil evidence who include with.,1/2 tsp,More than 1 tsp,Too Bland,Perfect,Perfect,1/4 tsp,Too Bland,Perfect,More than 1 tsp,1/4 tsp
vsanders@parker.com,Michelle Edwards,44,Male,Yes,No,Monthly,Never,Yes,Maybe,Maybe,Important,Automated,No,Number key me teach care mind alone police season form.,N/A,1/2 tsp,1/2 tsp,Too Salty,More than 1 tsp,N/A,Perfect,Too Bland,Too Bland,1/2 tsp
hodgesmichael@hotmail.com,Melissa Allen,45,Other,No,No,Rarely,Never,No,Yes,Maybe,Very Important,Mobile App,Yes,Responsibility position white until anyone manager debate else scientist.,More than 1 tsp,Too Bland,Perfect,N/A,N/A,1/2 tsp,Too Salty,1/4 tsp,N/A,Too Salty
coltonmitchell@gmail.com,Megan Townsend,36,Female,Yes,No,Monthly,Sometimes,Maybe,Maybe,Maybe,Neutral,Simple UI,Yes,Allow all sell Republican.,Too Salty,N/A,1/4 tsp,N/A,1/4 tsp,Too Salty,Too Salty,1/4 tsp,Perfect,Too Bland
framirez@yahoo.com,Wendy Myers,44,Female,No,Yes,Not applicable,Sometimes,Yes,No,No,Not Important,Voice Control,Yes,Eight subject game size age nature box.,Too Salty,Too Bland,Too Bland,1/2 tsp,1/4 tsp,More than 1 tsp,More than 1 tsp,More than 1 tsp,Too Salty,More than 1 tsp
qanderson@long-kim.com,Andrew Wells,26,Male,No,No,Not applicable,Sometimes,No,Maybe,Yes,Neutral,Voice Control,Yes,We send hundred seven save.,More than 1 tsp,1/4 tsp,N/A,Perfect,1/2 tsp,1/2 tsp,1/2 tsp,1/4 tsp,1/4 tsp,1/4 tsp
mark94@bush.biz,Joshua Robinson,47,Female,No,Yes,Daily,Sometimes,Maybe,Yes,No,Neutral,Voice Control,Yes,Glass involve everyone all attack what tax.,1/4 tsp,Too Salty,Perfect,Too Salty,N/A,Too Salty,More than 1 tsp,More than 1 tsp,1/2 tsp,1/4 tsp
andrewsmith@boyd-collins.com,Mary Miller,21,Other,No,No,Weekly,Always,Maybe,No,Maybe,Not Important,Mobile App,Yes,Such place most list maintain buy.,Perfect,1/4 tsp,More than 1 tsp,1/2 tsp,1/4 tsp,Too Bland,Too Salty,N/A,More than 1 tsp,N/A
debbieharris@robinson.com,Vanessa Hill,57,Other,No,Yes,Daily,Sometimes,Maybe,Maybe,Maybe,Not Important,Automated,Yes,Better remain person air yard top.,Too Salty,1/2 tsp,Perfect,Too Bland,Perfect,Too Salty,Too Bland,Too Salty,N/A,1/4 tsp
rbrooks@yahoo.com,Michelle Moore,35,Male,Yes,No,Daily,Sometimes,No,No,Maybe,Important,Simple UI,Yes,Meet social with believe early.,Too Bland,Too Bland,More than 1 tsp,Too Bland,Too Salty,Too Salty,Too Bland,1/2 tsp,Too Bland,Perfect
chavezpaul@torres.com,Amanda Richards,62,Female,No,Yes,Monthly,Always,Yes,Maybe,Yes,Important,Simple UI,No,Range phone career spend standard low.,N/A,Too Salty,N/A,1/2 tsp,Perfect,Too Salty,1/2 tsp,Too Salty,Too Bland,More than 1 tsp
sanchezelizabeth@kaufman.biz,Madison Hernandez,42,Female,Yes,No,Monthly,Always,Yes,Yes,Maybe,Neutral,Adjustable,Yes,Professor sense say officer where south.,Perfect,Too Bland,N/A,Too Bland,Too Salty,Too Salty,Too Salty,Too Bland,Too Salty,More than 1 tsp
rodriguezsarah@simon-rodgers.com,Gwendolyn Martinez,35,Male,Yes,No,Daily,Never,Maybe,No,Maybe,Neutral,Mobile App,No,Relate picture almost them pick.,N/A,Too Bland,Perfect,Too Salty,Perfect,Perfect,Too Salty,Perfect,More than 1 tsp,1/4 tsp
milleramanda@george.com,Edward Holloway,62,Male,No,Yes,Daily,Always,Yes,Yes,Yes,Neutral,Voice Control,Yes,Mr modern note call find throughout wall model.,1/4 tsp,Too Bland,1/4 tsp,Perfect,N/A,More than 1 tsp,Perfect,Perfect,Too Bland,Too Salty
eric51@krueger-vincent.net,Nicholas Harper,34,Other,Yes,Yes,Monthly,Always,Maybe,No,No,Neutral,Automated,No,Seat eat through support imagine might party.,1/2 tsp,Too Bland,Perfect,1/2 tsp,1/2 tsp,1/2 tsp,N/A,Too Bland,Too Bland,Too Bland
williamscameron@gmail.com,Donald Campbell,20,Other,No,No,Rarely,Sometimes,Yes,Yes,Yes,Neutral,Mobile App,Yes,About market truth cup assume.,More than 1 tsp,Too Salty,More than 1 tsp,N/A,More than 1 tsp,Too Salty,More than 1 tsp,1/2 tsp,1/2 tsp,Too Salty
amandadaugherty@gmail.com,Charles Webb,51,Male,Yes,Yes,Rarely,Always,No,No,No,Important,Voice Control,No,Keep enough nice address voice movie hear that east most want.,N/A,Too Salty,Perfect,Perfect,N/A,1/4 tsp,N/A,Perfect,1/4 tsp,N/A
xsweeney@herrera-jackson.org,Mary Garcia,49,Female,No,Yes,Not applicable,Sometimes,Maybe,Yes,Yes,Not Important,Voice Control,No,Billion check center young just attack down call us father.,Too Bland,Perfect,Too Salty,Perfect,1/4 tsp,N/A,Too Bland,Perfect,More than 1 tsp,1/4 tsp
renee18@maldonado.net,Joseph Webb,61,Other,Yes,Yes,Rarely,Sometimes,Maybe,No,Yes,Not Important,Mobile App,No,Never paper brother girl style themselves ball.,1/4 tsp,1/4 tsp,1/2 tsp,Too Bland,More than 1 tsp,Too Salty,N/A,Perfect,More than 1 tsp,N/A
andrew72@jones.biz,Timothy Melton,29,Male,No,Yes,Not applicable,Never,Yes,No,No,Important,Automated,Yes,Statement feeling event oil draw green.,1/2 tsp,Perfect,Too Salty,More than 1 tsp,1/2 tsp,Perfect,Too Bland,Too Salty,Perfect,1/4 tsp
weekskaitlyn@gmail.com,David Johns,51,Female,No,No,Rarely,Sometimes,No,Maybe,No,Important,Mobile App,No,Take sound clearly as indeed quality property dark but.,1/4 tsp,More than 1 tsp,Too Salty,N/A,Too Salty,Perfect,1/2 tsp,1/2 tsp,1/2 tsp,N/A
samantha59@caldwell-hoffman.com,Kristina Guzman,26,Other,No,Yes,Not applicable,Always,Yes,No,Yes,Very Important,Mobile App,No,Factor only system science instead.,Perfect,1/2 tsp,Too Salty,1/2 tsp,Too Salty,Too Bland,More than 1 tsp,More than 1 tsp,N/A,More than 1 tsp
wellsjennifer@jimenez.com,Christopher Hines,20,Female,No,Yes,Daily,Sometimes,No,No,Yes,Not Important,Voice Control,No,Rest two article write blood everybody produce capital.,Too Bland,1/4 tsp,Too Bland,More than 1 tsp,Perfect,1/4 tsp,1/2 tsp,N/A,1/4 tsp,More than 1 tsp
webbbrian@hotmail.com,Tina Cochran,22,Other,Yes,Yes,Rarely,Never,Yes,Maybe,No,Neutral,Automated,Yes,Should my walk attorney ready scientist chance tough.,Perfect,Too Salty,1/4 tsp,N/A,1/2 tsp,More than 1 tsp,1/4 tsp,Too Salty,Too Bland,N/A
ryan91@gmail.com,Andrew Moore,40,Female,Yes,Yes,Daily,Always,Maybe,Maybe,No,Very Important,Mobile App,No,Authority child network role activity protect remain.,Too Salty,Perfect,Perfect,1/2 tsp,Perfect,N/A,More than 1 tsp,1/2 tsp,More than 1 tsp,N/A
alexisevans@warren.com,David Forbes,31,Male,Yes,Yes,Weekly,Sometimes,Yes,Maybe,Maybe,Not Important,Simple UI,No,Production executive pass believe success check though arm research.,Too Salty,Too Bland,Too Bland,Too Bland,1/4 tsp,Too Bland,N/A,1/4 tsp,1/2 tsp,1/2 tsp
wscott@hotmail.com,Calvin Taylor,53,Female,No,No,Rarely,Never,Yes,Yes,No,Not Important,Mobile App,Yes,Share according court arm among reach technology enjoy run once specific.,More than 1 tsp,More than 1 tsp,1/2 tsp,1/4 tsp,Too Salty,Perfect,Perfect,Too Salty,Perfect,Perfect
joshua74@gmail.com,Francis Hall,36,Other,No,Yes,Not applicable,Sometimes,No,Maybe,Maybe,Not Important,Voice Control,No,Majority job catch serve she.,Too Salty,More than 1 tsp,1/4 tsp,More than 1 tsp,1/2 tsp,More than 1 tsp,N/A,More than 1 tsp,1/4 tsp,1/2 tsp
ryan16@garcia-barber.org,Jamie Powell,53,Female,Yes,No,Rarely,Always,Yes,Maybe,Maybe,Very Important,Adjustable,No,Baby keep behind about add benefit front own source company.,1/2 tsp,N/A,N/A,1/2 tsp,Too Salty,More than 1 tsp,Too Salty,Too Bland,Too Bland,Perfect
michele10@barnes.com,Jordan Castillo,63,Male,Yes,Yes,Daily,Never,Yes,Yes,Maybe,Very Important,Automated,No,And evidence hundred read foreign treatment night.,More than 1 tsp,Too Bland,1/4 tsp,Too Bland,1/2 tsp,Too Bland,Too Salty,1/2 tsp,1/2 tsp,Perfect
victoria33@yahoo.com,Ronald Carter,59,Male,No,No,Rarely,Always,Yes,Yes,No,Not Important,Adjustable,No,Help moment dark change material well have become travel.,Too Salty,1/2 tsp,More than 1 tsp,N/A,More than 1 tsp,1/4 tsp,Too Salty,1/2 tsp,Too Bland,More than 1 tsp
amartinez@howell.com,Pamela Bennett,21,Other,No,No,Daily,Always,Maybe,Maybe,Maybe,Very Important,Automated,No,Indicate husband mention political provide might.,More than 1 tsp,More than 1 tsp,1/2 tsp,1/2 tsp,More than 1 tsp,Perfect,Perfect,Too Bland,N/A,N/A
selenalopez@yahoo.com,John Martinez,32,Other,No,No,Monthly,Sometimes,Maybe,No,No,Important,Automated,Yes,Choose themselves some head require experience once.,Perfect,Perfect,Too Salty,Perfect,1/2 tsp,More than 1 tsp,1/4 tsp,Perfect,N/A,1/2 tsp
mooremelanie@taylor-morris.biz,Micheal Harvey,25,Other,No,No,Not applicable,Always,Yes,Yes,Yes,Very Important,Mobile App,Yes,Order push many instead huge under must skill.,Perfect,1/4 tsp,1/4 tsp,N/A,Too Salty,1/4 tsp,Too Bland,1/4 tsp,Perfect,N/A
osims@turner.org,Adam Douglas,33,Male,Yes,Yes,Daily,Never,No,Maybe,No,Not Important,Simple UI,Yes,Side evidence head certainly child decision hair.,Perfect,1/4 tsp,More than 1 tsp,1/2 tsp,1/4 tsp,More than 1 tsp,Perfect,More than 1 tsp,Too Bland,Too Salty
smoore@johnson.com,Michael Hayden,62,Other,Yes,No,Not applicable,Always,No,No,Yes,Important,Automated,No,Send figure entire difference TV pass.,1/4 tsp,1/2 tsp,N/A,More than 1 tsp,Too Salty,1/2 tsp,Too Salty,1/4 tsp,More than 1 tsp,Perfect
jeffreylopez@hotmail.com,Sean Collins,39,Female,Yes,No,Daily,Always,Yes,Yes,Yes,Not Important,Automated,Yes,Range imagine southern hard staff many.,1/4 tsp,More than 1 tsp,Perfect,More than 1 tsp,1/2 tsp,1/2 tsp,Too Salty,1/4 tsp,N/A,Too Bland
reyesdavid@yahoo.com,Joseph Sanchez,41,Female,Yes,No,Weekly,Sometimes,Yes,Yes,Maybe,Neutral,Automated,Yes,Military fact chance pretty democratic real week.,Too Salty,Perfect,Too Salty,More than 1 tsp,Too Bland,Too Bland,1/4 tsp,N/A,Perfect,Too Bland
bmiller@yahoo.com,Jason Martinez,62,Male,No,No,Rarely,Always,Maybe,Yes,No,Very Important,Simple UI,No,Positive myself agent society argue size how.,Perfect,More than 1 tsp,Perfect,1/4 tsp,Perfect,Too Bland,Too Bland,N/A,1/4 tsp,N/A
burtonchristina@hotmail.com,Michelle Thomas,58,Male,Yes,No,Daily,Sometimes,Yes,Maybe,Yes,Very Important,Voice Control,No,Present ground need issue pick floor may.,1/2 tsp,1/4 tsp,Too Bland,1/4 tsp,Perfect,1/4 tsp,1/4 tsp,Perfect,Too Bland,More than 1 tsp
yreed@hotmail.com,Melissa Conner,39,Female,Yes,No,Rarely,Never,Yes,No,Yes,Neutral,Voice Control,No,Sometimes American wait a quality road wife power ball organization.,1/4 tsp,N/A,Too Bland,Perfect,1/4 tsp,1/2 tsp,Too Salty,Too Salty,1/2 tsp,N/A
kwilkerson@williams.org,Sharon Foster,40,Female,Yes,No,Not applicable,Never,Maybe,No,No,Important,Simple UI,Yes,Number natural audience lawyer federal old grow rock.,1/2 tsp,N/A,More than 1 tsp,N/A,1/4 tsp,1/2 tsp,More than 1 tsp,N/A,1/2 tsp,1/4 tsp
ycruz@gmail.com,Thomas Mack,31,Male,Yes,Yes,Daily,Sometimes,Maybe,No,No,Very Important,Adjustable,No,Table bring far nothing knowledge tax compare offer sort task.,1/2 tsp,More than 1 tsp,N/A,N/A,N/A,More than 1 tsp,N/A,More than 1 tsp,N/A,Too Bland
hsanchez@wood.com,Alexander Velazquez,26,Other,Yes,No,Daily,Always,No,Maybe,Yes,Not Important,Simple UI,Yes,Hold news protect why provide.,1/4 tsp,1/2 tsp,Too Salty,Perfect,Too Bland,N/A,Too Salty,More than 1 tsp,More than 1 tsp,Too Salty
floreskathleen@gmail.com,Brandy Tyler,62,Male,No,No,Weekly,Never,No,Maybe,Yes,Very Important,Adjustable,No,Yeah far for during.,N/A,More than 1 tsp,Too Bland,Perfect,Too Salty,1/4 tsp,More than 1 tsp,Too Bland,Perfect,N/A
robinbryant@hotmail.com,Cathy Morales,19,Female,Yes,No,Monthly,Sometimes,Yes,Yes,Maybe,Neutral,Adjustable,No,Feel per hear measure own.,Too Bland,More than 1 tsp,Too Bland,Too Bland,Too Salty,N/A,N/A,Too Salty,N/A,Too Bland
sknapp@manning.info,Brandon Sherman,61,Male,Yes,No,Daily,Sometimes,Maybe,Maybe,Maybe,Very Important,Mobile App,Yes,Fear control fact of learn to international standard property.,Too Bland,Too Bland,More than 1 tsp,N/A,More than 1 tsp,Perfect,Too Salty,More than 1 tsp,Too Salty,Too Bland
jennifer18@ayala-allen.info,Linda Carlson,54,Other,Yes,No,Not applicable,Sometimes,No,Yes,Maybe,Neutral,Voice Control,Yes,Idea outside fall off use.,N/A,Too Bland,More than 1 tsp,Too Bland,Too Bland,More than 1 tsp,Perfect,N/A,More than 1 tsp,N/A
terri29@hester.com,Gary Christensen,32,Female,No,No,Not applicable,Always,Yes,No,Maybe,Very Important,Simple UI,Yes,Adult look assume evening would feeling woman level direction idea study.,More than 1 tsp,Too Salty,1/2 tsp,1/4 tsp,More than 1 tsp,Too Salty,Too Bland,More than 1 tsp,Too Bland,1/2 tsp
schroederjessica@martin.com,Eric Walker,19,Male,Yes,No,Weekly,Never,No,Maybe,No,Important,Adjustable,No,Bit think including country house back.,N/A,1/2 tsp,1/4 tsp,N/A,1/4 tsp,1/2 tsp,1/2 tsp,1/2 tsp,Too Bland,Perfect
nmarshall@yahoo.com,Ellen Floyd,58,Male,Yes,Yes,Weekly,Always,Yes,Maybe,No,Very Important,Voice Control,Yes,Too fall reflect voice.,Perfect,1/4 tsp,More than 1 tsp,Perfect,Too Salty,1/2 tsp,Too Salty,Perfect,N/A,Too Bland
nicholaszhang@hotmail.com,Robert Brown,60,Other,Yes,Yes,Not applicable,Sometimes,Maybe,Maybe,Maybe,Neutral,Voice Control,No,What tax morning meet partner wait similar very yourself.,N/A,Too Salty,Perfect,1/2 tsp,Too Bland,N/A,1/4 tsp,Perfect,1/2 tsp,1/2 tsp
bpitts@gmail.com,Anita Johnson,21,Other,Yes,Yes,Weekly,Sometimes,Maybe,No,No,Very Important,Adjustable,Yes,Air finally writer official age meet great heavy together choice.,Too Bland,Perfect,1/2 tsp,Too Bland,N/A,N/A,Too Salty,Too Salty,N/A,1/4 tsp
denise01@clark.com,Melissa Ward,45,Male,No,No,Weekly,Sometimes,No,Yes,Maybe,Not Important,Voice Control,Yes,Not strong something time trade trip these simply executive.,Perfect,Perfect,1/4 tsp,Too Salty,Perfect,1/4 tsp,More than 1 tsp,Too Bland,1/4 tsp,1/2 tsp
whitelori@gibson.com,James Mcfarland,41,Other,No,Yes,Not applicable,Sometimes,Maybe,Yes,Yes,Very Important,Simple UI,No,Economic nation site around myself authority project.,Too Bland,N/A,1/4 tsp,Perfect,1/2 tsp,More than 1 tsp,Too Bland,Too Bland,Too Salty,Too Bland
johnhale@gmail.com,Seth Salinas,59,Female,Yes,Yes,Not applicable,Never,Maybe,Yes,Maybe,Very Important,Mobile App,No,Detail responsibility chance table decision owner loss sound either exist traditional.,N/A,1/2 tsp,1/4 tsp,1/4 tsp,1/4 tsp,More than 1 tsp,Too Salty,Perfect,N/A,N/A
melissapena@smith.com,Ricardo Ruiz,35,Other,Yes,No,Monthly,Never,Yes,Yes,No,Important,Simple UI,No,To answer rise social who cost might myself.,1/4 tsp,1/2 tsp,1/2 tsp,Too Bland,Too Salty,Too Salty,N/A,Too Salty,1/4 tsp,Perfect
stephaniekane@gmail.com,Joshua Smith,31,Other,No,Yes,Daily,Sometimes,Yes,Yes,Maybe,Neutral,Automated,Yes,Color television far mean north material.,Too Salty,Too Bland,Too Salty,Too Bland,N/A,Perfect,Too Bland,1/2 tsp,1/2 tsp,N/A
hstrickland@mcclain.biz,Keith Glenn,62,Male,No,No,Not applicable,Always,No,Yes,Maybe,Important,Mobile App,No,Store notice west past pull shoulder pick policy man already.,Too Bland,Too Salty,More than 1 tsp,1/2 tsp,Too Salty,Too Salty,Too Salty,Too Bland,Too Bland,N/A
fieldssamuel@yahoo.com,Nicole Garrett,32,Male,No,No,Rarely,Sometimes,No,Maybe,No,Neutral,Mobile App,Yes,Song behind back firm professor coach window meeting accept.,1/4 tsp,1/4 tsp,Perfect,N/A,1/2 tsp,Too Salty,Perfect,Too Bland,Perfect,More than 1 tsp
mitchellbeth@gmail.com,Isaiah Andrews,19,Male,No,No,Weekly,Never,Maybe,No,No,Very Important,Voice Control,No,Help maybe owner race process.,Too Salty,N/A,1/2 tsp,Perfect,More than 1 tsp,Too Salty,Too Salty,More than 1 tsp,N/A,More than 1 tsp
pcollins@hotmail.com,Kimberly Gonzalez,47,Female,Yes,Yes,Monthly,Never,Maybe,No,Yes,Neutral,Voice Control,No,Field various that century necessary little.,N/A,1/2 tsp,Too Salty,More than 1 tsp,1/2 tsp,Too Salty,Too Bland,Too Bland,Too Bland,N/A
hannahbass@yahoo.com,Deborah Sandoval,21,Other,No,Yes,Not applicable,Sometimes,Maybe,Maybe,Yes,Neutral,Automated,Yes,Discover act car I read yourself fight state region benefit despite.,Too Bland,N/A,Too Bland,1/2 tsp,More than 1 tsp,More than 1 tsp,N/A,1/2 tsp,1/2 tsp,More than 1 tsp
calhounkenneth@hotmail.com,Todd Young,59,Other,No,Yes,Rarely,Never,Maybe,Maybe,Maybe,Neutral,Simple UI,No,Security defense believe listen play toward product good.,More than 1 tsp,Too Bland,N/A,1/4 tsp,Too Salty,Too Bland,1/4 tsp,Too Salty,1/4 tsp,More than 1 tsp
michaelwalton@tucker.net,William Gonzales,18,Male,No,No,Rarely,Always,Maybe,No,Yes,Not Important,Simple UI,No,Education number kind wonder national.,1/2 tsp,1/4 tsp,1/2 tsp,1/4 tsp,1/4 tsp,1/4 tsp,Perfect,N/A,Perfect,N/A
pclark@gmail.com,Diane Russell,41,Male,Yes,No,Weekly,Always,Yes,Yes,No,Very Important,Voice Control,Yes,On world cultural gas room participant whatever between card natural.,Perfect,More than 1 tsp,Perfect,Perfect,1/2 tsp,1/4 tsp,Too Salty,1/4 tsp,1/4 tsp,Perfect
jeremy50@franklin.org,Christopher Lester,40,Other,Yes,No,Monthly,Never,No,Yes,No,Important,Simple UI,Yes,By hand likely wait society level evidence point.,Perfect,1/4 tsp,Too Salty,Too Bland,Too Bland,Perfect,N/A,1/4 tsp,Too Salty,More than 1 tsp
tracy15@chapman.com,Alfred Arroyo,60,Female,Yes,Yes,Daily,Always,Maybe,Maybe,Maybe,Important,Automated,No,Rate on eight eat writer.,Too Salty,N/A,N/A,N/A,1/2 tsp,1/2 tsp,1/4 tsp,N/A,1/2 tsp,Perfect
anne95@yahoo.com,Kylie Miles,44,Male,No,No,Monthly,Never,Yes,Maybe,No,Very Important,Mobile App,No,Light song necessary direction recently manager question past main leader point.,Too Bland,Perfect,More than 1 tsp,More than 1 tsp,Too Bland,N/A,Too Salty,N/A,Too Salty,Too Salty
nunezjudy@vang.com,Thomas Oconnell,30,Male,Yes,Yes,Daily,Always,Maybe,Yes,Maybe,Not Important,Adjustable,No,Brother yes hard the easy then full law operation.,Perfect,More than 1 tsp,N/A,N/A,Perfect,Perfect,Perfect,Too Salty,1/4 tsp,More than 1 tsp
carterlaura@blackburn.biz,Lawrence Taylor,18,Female,Yes,Yes,Daily,Never,Yes,No,No,Not Important,Adjustable,Yes,Once parent many impact mouth step so.,1/4 tsp,1/2 tsp,Too Salty,More than 1 tsp,Too Salty,1/2 tsp,N/A,1/2 tsp,1/2 tsp,1/4 tsp
bradleynichole@hotmail.com,Amy Clarke,31,Male,No,Yes,Rarely,Always,Yes,Yes,Yes,Neutral,Adjustable,No,Hear finish everybody in the.,Too Bland,1/4 tsp,1/2 tsp,Too Bland,N/A,N/A,Perfect,Too Bland,Too Salty,Too Bland
jonathan73@garcia-hunter.com,Tara Green,54,Female,Yes,Yes,Monthly,Never,Yes,Maybe,Yes,Very Important,Automated,No,Specific language prevent police speak say discuss.,N/A,1/2 tsp,1/4 tsp,1/4 tsp,More than 1 tsp,1/4 tsp,Perfect,Perfect,Too Salty,More than 1 tsp
davisjohn@gmail.com,Megan Johnson,34,Male,No,No,Not applicable,Never,Maybe,No,Maybe,Not Important,Mobile App,No,Do seven magazine season myself crime.,1/2 tsp,1/2 tsp,1/2 tsp,More than 1 tsp,Too Bland,Too Salty,More than 1 tsp,Perfect,Too Bland,Too Bland
fordzachary@gmail.com,Katherine White,26,Other,No,No,Rarely,Never,Yes,Yes,No,Important,Adjustable,No,Including describe lose everyone full citizen since.,Too Bland,1/2 tsp,1/2 tsp,Too Salty,More than 1 tsp,Perfect,N/A,1/2 tsp,Too Bland,N/A
susan59@miller-clark.biz,Chris Chung,28,Female,No,Yes,Rarely,Sometimes,Yes,Yes,No,Very Important,Mobile App,Yes,Week bank performance but down education nature soon ready take.,Too Salty,1/2 tsp,1/2 tsp,1/4 tsp,1/2 tsp,1/2 tsp,Too Bland,Too Bland,1/2 tsp,Too Salty
salazarheather@yahoo.com,Christopher Smith,39,Other,Yes,Yes,Weekly,Always,No,Maybe,No,Neutral,Mobile App,No,Fly dream question remain indeed easy opportunity authority feeling voice learn.,Too Salty,1/2 tsp,Too Bland,1/2 tsp,Too Salty,Too Bland,1/4 tsp,N/A,Too Salty,1/2 tsp
carol19@hotmail.com,Brandon Munoz,47,Female,Yes,No,Daily,Always,Maybe,Maybe,No,Not Important,Automated,Yes,Town before third own vote ahead democratic office can.,1/4 tsp,Too Salty,1/4 tsp,N/A,N/A,N/A,More than 1 tsp,Too Salty,N/A,More than 1 tsp
jasmine40@gmail.com,Hayley Whitehead,55,Female,No,Yes,Rarely,Never,No,No,Maybe,Very Important,Simple UI,Yes,Section result role movie though.,1/2 tsp,Too Salty,More than 1 tsp,1/4 tsp,1/4 tsp,1/2 tsp,Too Salty,Too Salty,1/4 tsp,Perfect
xramos@nichols.com,Jessica Simmons,23,Female,Yes,Yes,Rarely,Always,Maybe,Maybe,Yes,Very Important,Automated,No,Whose perhaps reduce station issue group against message interest.,N/A,More than 1 tsp,1/4 tsp,Perfect,Too Salty,Too Salty,Too Salty,Perfect,1/2 tsp,N/A
monica80@martinez-orr.org,Sandra Ferguson,19,Female,No,Yes,Weekly,Never,Yes,Yes,No,Not Important,Simple UI,No,Threat role close relate truth every none know.,1/4 tsp,1/2 tsp,N/A,1/4 tsp,Too Salty,Perfect,Too Salty,1/4 tsp,1/2 tsp,More than 1 tsp
xcochran@dunlap.org,Alejandra Robles,52,Other,No,No,Rarely,Sometimes,No,No,Maybe,Very Important,Adjustable,No,Like ever century each reach maybe enjoy.,Too Bland,1/4 tsp,More than 1 tsp,Too Bland,Too Salty,N/A,1/2 tsp,Too Bland,Perfect,N/A
larsonsherry@gmail.com,Cynthia Sawyer,64,Male,Yes,No,Monthly,Always,Yes,Yes,Maybe,Not Important,Automated,Yes,Star management easy best career thousand suddenly establish.,1/2 tsp,N/A,Too Salty,Perfect,Too Bland,1/2 tsp,Perfect,Too Salty,Too Salty,1/2 tsp
leslie60@hotmail.com,Anne Ray,25,Other,Yes,Yes,Monthly,Never,No,No,Maybe,Very Important,Simple UI,Yes,Candidate perhaps situation name commercial term.,Perfect,Perfect,More than 1 tsp,More than 1 tsp,Too Bland,Perfect,1/2 tsp,Too Salty,N/A,1/2 tsp
zcox@taylor.net,Calvin Watson,37,Other,Yes,No,Weekly,Always,Maybe,Yes,Maybe,Neutral,Voice Control,Yes,Fact address season hear office assume close behind weight.,1/4 tsp,1/2 tsp,Too Salty,More than 1 tsp,Too Bland,Perfect,1/4 tsp,1/4 tsp,More than 1 tsp,1/2 tsp
michael59@jackson.net,Robert Gibson,43,Male,No,Yes,Monthly,Sometimes,No,No,Maybe,Not Important,Mobile App,Yes,Inside per floor friend court recently customer remain.,Perfect,Too Bland,N/A,More than 1 tsp,1/2 tsp,Perfect,1/4 tsp,1/4 tsp,1/4 tsp,N/A
kristopher31@baker.biz,James Alvarez,19,Other,No,No,Rarely,Never,No,Yes,No,Very Important,Simple UI,Yes,Its drug eight country until more successful five phone.,More than 1 tsp,N/A,Too Bland,More than 1 tsp,N/A,More than 1 tsp,1/2 tsp,Perfect,1/2 tsp,N/A
bcruz@gmail.com,Andrew Bentley,45,Other,Yes,No,Rarely,Never,Yes,Yes,Yes,Not Important,Automated,Yes,Style million player environment.,More than 1 tsp,More than 1 tsp,More than 1 tsp,More than 1 tsp,Perfect,More than 1 tsp,N/A,1/4 tsp,Perfect,1/2 tsp
rogersstacy@robinson.com,Michael Johnson,41,Male,No,No,Daily,Always,Maybe,Maybe,No,Important,Adjustable,Yes,Our state especially responsibility administration forward I.,Too Bland,More than 1 tsp,Too Bland,Too Salty,Perfect,Perfect,Too Salty,1/2 tsp,1/4 tsp,N/A
jasonmyers@martinez.com,Melanie Moore,47,Female,No,No,Rarely,Sometimes,Yes,Yes,Yes,Important,Simple UI,No,Daughter economic light direction song want meeting.,Too Salty,1/4 tsp,More than 1 tsp,More than 1 tsp,Perfect,N/A,N/A,Too Salty,1/2 tsp,N/A
caleb37@gmail.com,Kristin Doyle,46,Female,No,No,Rarely,Sometimes,Maybe,Maybe,Yes,Not Important,Automated,No,Tend eye half especially reach.,Perfect,Too Salty,Too Bland,Perfect,1/4 tsp,1/2 tsp,Too Salty,More than 1 tsp,N/A,1/2 tsp
michael59@price.org,Stephen Porter,26,Male,Yes,Yes,Rarely,Sometimes,No,Maybe,Yes,Important,Adjustable,Yes,On me worry knowledge entire news kid base not.,More than 1 tsp,1/4 tsp,Too Salty,1/2 tsp,Too Salty,Too Bland,Perfect,1/4 tsp,Too Bland,1/4 tsp
woodardryan@murphy-padilla.com,Dakota Arroyo,55,Other,No,No,Daily,Sometimes,No,No,No,Important,Mobile App,No,Seven system trouble eight international chance.,Perfect,1/4 tsp,Too Salty,Too Salty,1/4 tsp,N/A,1/4 tsp,1/2 tsp,Too Bland,Too Bland
hornjacob@hotmail.com,Robert Huber,56,Female,Yes,Yes,Rarely,Always,Maybe,No,Maybe,Important,Adjustable,No,Lead they interest green car.,N/A,Too Bland,Perfect,N/A,Too Bland,Too Salty,More than 1 tsp,Too Bland,Too Salty,More than 1 tsp
shirleymontgomery@yahoo.com,Erica Chang,21,Other,Yes,Yes,Not applicable,Sometimes,Maybe,No,No,Neutral,Simple UI,No,Real edge window such suffer citizen there keep wall.,1/4 tsp,Too Bland,Too Salty,N/A,Too Bland,Too Bland,1/2 tsp,More than 1 tsp,Too Salty,Too Bland
brian12@blackwell.org,Michael Vasquez,18,Male,No,Yes,Weekly,Sometimes,No,Yes,Yes,Not Important,Voice Control,Yes,Page weight him near serious.,Too Bland,1/2 tsp,Too Bland,N/A,Perfect,1/2 tsp,More than 1 tsp,Perfect,1/4 tsp,Perfect
jennifer91@porter-hansen.com,Thomas Peterson,32,Female,Yes,No,Not applicable,Sometimes,Maybe,No,No,Neutral,Adjustable,Yes,Across science exactly start easy light.,More than 1 tsp,N/A,Too Bland,1/4 tsp,Too Salty,Too Salty,1/4 tsp,Perfect,1/4 tsp,Too Salty
dgray@mccoy-griffin.com,Matthew Hernandez,29,Male,Yes,Yes,Monthly,Never,Yes,Maybe,Maybe,Neutral,Adjustable,No,That parent traditional scientist good.,1/2 tsp,Too Salty,More than 1 tsp,1/2 tsp,N/A,1/2 tsp,Perfect,1/2 tsp,1/4 tsp,Perfect
krodriguez@gmail.com,Valerie Wong,29,Female,No,No,Monthly,Sometimes,Maybe,No,Maybe,Neutral,Adjustable,Yes,Scene everyone goal thus artist candidate woman time.,More than 1 tsp,N/A,1/2 tsp,Too Salty,1/2 tsp,N/A,N/A,Perfect,Perfect,N/A
bpeterson@hotmail.com,Elizabeth Turner,53,Female,Yes,Yes,Monthly,Sometimes,Maybe,No,Maybe,Important,Simple UI,Yes,Thousand trade ball his point again.,Too Bland,Perfect,1/2 tsp,Too Salty,Too Salty,1/2 tsp,Perfect,More than 1 tsp,Too Bland,1/2 tsp
russell27@collins.com,Jennifer Ochoa,62,Female,No,Yes,Rarely,Always,Yes,Yes,No,Important,Adjustable,Yes,Final act clear against morning next.,Perfect,Perfect,Too Salty,Too Bland,1/2 tsp,Perfect,More than 1 tsp,Perfect,N/A,N/A
evanwalker@hotmail.com,Heather Hunt,35,Other,Yes,Yes,Rarely,Always,No,Maybe,Yes,Not Important,Simple UI,Yes,Nor politics reflect actually rock watch up wide board.,More than 1 tsp,1/2 tsp,1/4 tsp,Perfect,Too Salty,Too Salty,N/A,Too Bland,More than 1 tsp,Too Salty
adamstonya@clark.com,Brandon Strong,34,Female,Yes,Yes,Daily,Always,Yes,Yes,No,Very Important,Automated,No,Should recognize tree real could executive kitchen think.,Too Salty,1/4 tsp,Perfect,N/A,1/2 tsp,N/A,1/4 tsp,Perfect,Too Bland,More than 1 tsp
stephensonalexandra@gmail.com,Laurie Mcfarland,50,Other,No,Yes,Daily,Always,No,No,Maybe,Not Important,Simple UI,No,Can able another man share require push enough senior himself.,Perfect,1/4 tsp,Perfect,Too Bland,1/4 tsp,Too Salty,Too Salty,1/2 tsp,Too Bland,Perfect
brentharris@gmail.com,Regina Jones,56,Female,No,Yes,Weekly,Never,Maybe,No,No,Neutral,Simple UI,Yes,Interest reason road car reality college finish movement either.,1/2 tsp,1/2 tsp,Perfect,Too Salty,Too Bland,Perfect,Perfect,More than 1 tsp,Too Bland,Perfect
adrian99@thomas.org,Brian Thompson,36,Female,No,Yes,Weekly,Sometimes,No,No,Yes,Neutral,Adjustable,Yes,Study campaign total likely paper physical.,Too Salty,N/A,N/A,Perfect,1/4 tsp,Too Bland,Too Salty,Too Salty,Too Bland,1/4 tsp
greenjennifer@hotmail.com,Kimberly Paul,32,Female,No,Yes,Rarely,Sometimes,No,No,No,Important,Simple UI,Yes,Daughter since section watch today six your.,1/2 tsp,N/A,More than 1 tsp,Too Bland,Too Bland,Too Bland,Too Salty,Too Salty,Too Salty,Too Salty
parksjay@sandoval.com,Daniel Neal,19,Female,No,No,Rarely,Always,Yes,Maybe,No,Important,Automated,No,Control pass kind wall finally.,Too Salty,1/4 tsp,More than 1 tsp,Perfect,Too Salty,1/2 tsp,Too Salty,Too Bland,Too Salty,1/2 tsp
paulwalker@fowler.com,Phillip Henson,47,Other,Yes,Yes,Weekly,Always,Maybe,Yes,Maybe,Neutral,Automated,Yes,Sure benefit this expert population central leg upon economy.,N/A,More than 1 tsp,Perfect,N/A,1/4 tsp,More than 1 tsp,More than 1 tsp,Too Salty,Too Salty,Perfect
foxzachary@yahoo.com,Peter Donaldson,22,Other,Yes,No,Monthly,Never,Maybe,Yes,Maybe,Neutral,Automated,Yes,Rather adult pressure close budget health.,Too Bland,1/2 tsp,Perfect,1/4 tsp,Perfect,1/4 tsp,More than 1 tsp,Too Bland,More than 1 tsp,More than 1 tsp
dwhite@baker.org,Eric Hampton,19,Other,No,Yes,Weekly,Never,No,Yes,Maybe,Very Important,Adjustable,No,Gun someone politics direction maybe student outside nor near respond.,Perfect,1/2 tsp,N/A,Too Salty,N/A,Too Salty,1/2 tsp,1/4 tsp,More than 1 tsp,Too Salty
tinahall@gmail.com,Leslie Galvan,18,Other,Yes,Yes,Rarely,Never,No,Yes,Yes,Very Important,Automated,No,Involve us spring here cultural light.,Too Bland,1/2 tsp,Too Bland,More than 1 tsp,Perfect,1/2 tsp,1/2 tsp,Perfect,Too Bland,N/A
tonyabutler@yahoo.com,Stacy Mcgrath,59,Other,Yes,No,Daily,Always,No,Yes,No,Very Important,Voice Control,Yes,Every race place attack.,1/4 tsp,1/4 tsp,Perfect,1/4 tsp,More than 1 tsp,Too Salty,1/2 tsp,More than 1 tsp,Perfect,N/A
vfloyd@hotmail.com,Rebecca Mccullough,22,Male,No,Yes,Daily,Never,No,No,No,Not Important,Simple UI,No,Necessary ten point itself month.,Too Bland,1/4 tsp,Perfect,More than 1 tsp,Perfect,1/2 tsp,More than 1 tsp,Too Bland,Too Bland,N/A
shellyfreeman@ortiz.com,Michael Evans,28,Male,Yes,No,Daily,Never,Maybe,Maybe,No,Important,Simple UI,No,Yourself church create where cost address whatever team.,Too Salty,1/4 tsp,1/2 tsp,N/A,Perfect,1/2 tsp,Too Bland,Too Salty,Too Salty,Too Bland
william04@hunter.net,Colleen Holland,65,Other,Yes,No,Rarely,Sometimes,Yes,Maybe,Maybe,Not Important,Automated,Yes,Value north sport involve available expert firm.,1/2 tsp,More than 1 tsp,Too Salty,Too Salty,1/4 tsp,More than 1 tsp,Perfect,Too Bland,N/A,Too Bland
smithdana@hotmail.com,Miss Melissa Ortiz,58,Male,Yes,No,Daily,Sometimes,Maybe,Yes,Yes,Important,Voice Control,No,Available best million high moment write nothing hair act.,Perfect,1/4 tsp,More than 1 tsp,Too Bland,1/2 tsp,More than 1 tsp,Too Bland,1/4 tsp,Perfect,More than 1 tsp
loriwright@sanford.biz,Darlene Franklin,50,Other,Yes,Yes,Not applicable,Never,No,Yes,Yes,Important,Voice Control,Yes,Soldier police mission although analysis remain it specific prevent.,More than 1 tsp,Too Bland,N/A,More than 1 tsp,Too Bland,1/2 tsp,Too Salty,1/4 tsp,N/A,More than 1 tsp
fjohnson@ball.net,Allison Miller,21,Male,No,No,Monthly,Never,Yes,No,No,Not Important,Simple UI,Yes,Deep dinner able wonder back treat generation practice.,Too Salty,1/4 tsp,More than 1 tsp,Perfect,1/2 tsp,1/2 tsp,N/A,N/A,N/A,More than 1 tsp
williamscarolyn@hotmail.com,Justin Morse,46,Female,Yes,Yes,Monthly,Always,No,Maybe,Maybe,Neutral,Voice Control,Yes,Assume beyond section court thought quickly feeling.,1/2 tsp,N/A,1/4 tsp,Perfect,1/4 tsp,1/2 tsp,Too Bland,Too Salty,N/A,1/2 tsp
hallfrank@hotmail.com,Shane Brown,44,Male,Yes,Yes,Monthly,Sometimes,Maybe,Maybe,Maybe,Neutral,Adjustable,Yes,Major power couple environmental show evidence agency house.,N/A,1/2 tsp,More than 1 tsp,1/2 tsp,1/2 tsp,1/4 tsp,1/4 tsp,Too Salty,N/A,Too Bland
padillaevan@hotmail.com,David Gallagher,34,Male,No,Yes,Not applicable,Sometimes,Yes,No,No,Neutral,Voice Control,Yes,While course see however never message clearly until customer act.,1/4 tsp,1/4 tsp,1/4 tsp,1/4 tsp,1/2 tsp,Too Bland,Perfect,1/4 tsp,Too Bland,1/2 tsp
westdawn@yahoo.com,Joshua Buchanan,37,Female,Yes,No,Monthly,Never,No,Maybe,No,Not Important,Automated,Yes,Art election race fine himself deep success discover on door.,More than 1 tsp,Too Bland,Perfect,N/A,Perfect,Too Salty,More than 1 tsp,More than 1 tsp,Too Salty,Too Salty
ahunter@hotmail.com,Jesse Jennings II,30,Other,No,Yes,Daily,Always,Maybe,Maybe,Maybe,Very Important,Simple UI,Yes,Sound institution drive understand consider one seem chance.,More than 1 tsp,N/A,1/2 tsp,1/2 tsp,1/4 tsp,1/4 tsp,1/4 tsp,1/2 tsp,Too Bland,1/4 tsp
pwells@mclaughlin.com,Christopher Morales,60,Female,Yes,Yes,Rarely,Never,Maybe,Maybe,No,Not Important,Automated,No,Risk response there today too age short message.,Perfect,N/A,N/A,Too Salty,1/2 tsp,Perfect,N/A,N/A,1/4 tsp,N/A
vhanson@blanchard.net,Joanna Lowery,52,Male,No,Yes,Rarely,Sometimes,No,No,Yes,Very Important,Automated,No,System recent ever work class watch material between second pick.,Too Salty,N/A,1/2 tsp,Too Bland,1/2 tsp,1/2 tsp,Too Bland,1/2 tsp,Too Bland,1/4 tsp
eddiedavies@crawford.com,Cassandra Martinez,32,Male,No,No,Daily,Always,Yes,Yes,Maybe,Not Important,Automated,Yes,Suffer race purpose late son future once.,Too Salty,Perfect,More than 1 tsp,Too Salty,Too Bland,Perfect,Perfect,Perfect,N/A,1/4 tsp
amyaguilar@yahoo.com,Erin White,50,Female,Yes,No,Not applicable,Sometimes,Yes,No,No,Not Important,Simple UI,Yes,Lose guess peace position.,1/2 tsp,1/4 tsp,1/2 tsp,1/4 tsp,N/A,More than 1 tsp,1/4 tsp,More than 1 tsp,N/A,1/2 tsp
lbennett@allen.net,Rhonda Williamson,36,Male,No,Yes,Rarely,Sometimes,Maybe,Yes,Yes,Very Important,Voice Control,Yes,Significant chair pay system manage season direction decade me out.,Perfect,Too Bland,1/2 tsp,1/2 tsp,More than 1 tsp,N/A,More than 1 tsp,Too Salty,Perfect,Too Salty
justin39@gmail.com,Cassandra Blanchard,57,Female,No,No,Not applicable,Sometimes,Maybe,No,Maybe,Not Important,Simple UI,Yes,While onto stay together from owner hundred.,N/A,Too Salty,More than 1 tsp,1/4 tsp,Too Bland,N/A,N/A,N/A,Perfect,N/A
pharrell@hotmail.com,Martha Davis,61,Male,No,No,Weekly,Always,No,No,No,Neutral,Voice Control,Yes,How service author plan practice key.,Too Bland,More than 1 tsp,More than 1 tsp,More than 1 tsp,1/4 tsp,Too Salty,1/2 tsp,1/4 tsp,More than 1 tsp,Too Salty
meghan45@gmail.com,Alexander Jenkins,28,Other,Yes,No,Rarely,Sometimes,No,No,Maybe,Important,Mobile App,Yes,Pull together leave sense agree reflect enter prepare.,Too Salty,Too Salty,Perfect,1/4 tsp,Too Salty,N/A,N/A,Too Bland,N/A,N/A
lisa95@gmail.com,Kimberly Allison,26,Other,No,No,Rarely,Sometimes,No,No,Yes,Not Important,Voice Control,Yes,All manage including speech south.,Too Bland,1/4 tsp,Too Salty,More than 1 tsp,N/A,1/2 tsp,Too Bland,1/4 tsp,1/4 tsp,1/2 tsp
garciamark@hotmail.com,Bobby Wilson,53,Female,Yes,No,Rarely,Sometimes,Maybe,Yes,Maybe,Not Important,Simple UI,Yes,Evidence start body toward million ever turn information language meeting.,Perfect,N/A,Too Salty,Too Bland,Too Bland,N/A,1/2 tsp,Perfect,1/2 tsp,N/A
ujackson@austin-harris.com,Mary Sims,20,Male,No,No,Monthly,Always,No,Maybe,Maybe,Very Important,Voice Control,Yes,Positive two dark education food to traditional century.,Too Salty,Perfect,More than 1 tsp,More than 1 tsp,1/2 tsp,Too Salty,1/2 tsp,N/A,Perfect,More than 1 tsp
anthony19@gmail.com,Robert Smith,51,Female,No,Yes,Not applicable,Never,No,No,Maybe,Neutral,Adjustable,Yes,Effort mention wall set institution chair.,1/4 tsp,Too Salty,Too Salty,N/A,1/4 tsp,Too Salty,N/A,N/A,Too Salty,Too Salty
maynarddonald@gmail.com,Michael Cross,29,Other,Yes,Yes,Monthly,Never,No,Maybe,Yes,Not Important,Simple UI,Yes,Support film of myself poor score reason.,Too Bland,Too Bland,More than 1 tsp,Perfect,Too Bland,1/2 tsp,Too Salty,More than 1 tsp,Perfect,Perfect
emoody@stanton-allen.com,Jesse Brown,53,Female,No,Yes,Daily,Always,No,Maybe,No,Not Important,Mobile App,Yes,At paper source final establish century job exist.,1/2 tsp,Too Salty,Too Bland,More than 1 tsp,Too Salty,1/2 tsp,More than 1 tsp,1/4 tsp,More than 1 tsp,Too Bland
bparsons@gmail.com,Michael Duncan MD,48,Male,No,No,Rarely,Always,No,Yes,Yes,Very Important,Simple UI,Yes,Role wife other wife but account gun visit might individual.,N/A,1/4 tsp,N/A,N/A,1/2 tsp,Perfect,Too Bland,N/A,1/4 tsp,Too Salty
tiffany10@owens.net,Connie Floyd,36,Male,Yes,No,Monthly,Always,Yes,Yes,Maybe,Important,Automated,Yes,Mention once represent vote teacher interesting beautiful.,N/A,N/A,N/A,N/A,Perfect,More than 1 tsp,N/A,N/A,Too Salty,More than 1 tsp
jonathan70@willis-williams.com,Brenda Mitchell,51,Male,Yes,Yes,Monthly,Always,Maybe,No,Yes,Not Important,Automated,Yes,Just current agreement western community success wrong defense area least.,More than 1 tsp,1/4 tsp,Too Salty,Too Salty,Too Salty,1/2 tsp,Too Bland,1/4 tsp,N/A,1/4 tsp
glewis@chambers.com,Gregory Arnold,52,Other,No,Yes,Not applicable,Always,Maybe,Maybe,Yes,Important,Automated,No,Energy lay year new set society two exactly.,More than 1 tsp,Too Salty,Too Salty,Too Salty,1/4 tsp,1/4 tsp,1/4 tsp,Perfect,Too Salty,Too Salty
gcervantes@yahoo.com,Danny Perry,57,Other,Yes,Yes,Daily,Never,Yes,Yes,No,Very Important,Mobile App,Yes,Democrat type store when.,1/4 tsp,1/4 tsp,Too Salty,More than 1 tsp,N/A,N/A,Too Salty,1/4 tsp,Too Bland,Too Bland
janetbraun@yahoo.com,Laura Johnson MD,30,Male,No,Yes,Daily,Never,No,Yes,Yes,Neutral,Mobile App,Yes,Plan day culture television education idea attention best choose I.,N/A,Too Salty,Perfect,N/A,Perfect,1/4 tsp,Perfect,1/2 tsp,More than 1 tsp,Perfect
farmermargaret@chambers.biz,Mary Black,19,Female,No,No,Daily,Sometimes,Maybe,Maybe,Yes,Not Important,Adjustable,Yes,Few foreign industry quality staff three while stock some education factor.,N/A,1/2 tsp,Too Salty,1/2 tsp,Perfect,Perfect,Too Bland,Too Salty,1/4 tsp,Too Bland
mary81@gilbert-young.com,Thomas Stone,48,Male,No,No,Weekly,Always,No,No,No,Not Important,Mobile App,Yes,Threat class attack summer before boy interest perhaps.,Too Bland,Perfect,1/4 tsp,Perfect,Too Bland,Too Bland,1/4 tsp,Too Salty,Too Bland,N/A
michelle77@yahoo.com,Christopher Pierce,54,Other,No,No,Daily,Always,Maybe,Maybe,Maybe,Very Important,Mobile App,Yes,Skill positive door strong opportunity involve.,N/A,Too Salty,N/A,1/2 tsp,N/A,1/4 tsp,Too Salty,Perfect,Too Bland,Too Bland
eric11@hotmail.com,Calvin Davis,55,Male,No,Yes,Monthly,Always,No,Maybe,No,Important,Voice Control,Yes,Feeling anything enjoy thus accept never baby.,Perfect,1/2 tsp,1/2 tsp,Too Salty,Perfect,Perfect,Too Bland,Perfect,Too Bland,Too Salty
gmartinez@cook.info,Paula Gamble,20,Male,No,No,Rarely,Always,No,Maybe,Yes,Not Important,Mobile App,No,Worker minute since real clearly.,1/4 tsp,Too Bland,1/2 tsp,1/2 tsp,Too Salty,Perfect,Too Salty,N/A,N/A,More than 1 tsp
alexander42@hotmail.com,Yolanda Gill,44,Other,Yes,No,Daily,Never,Yes,Yes,No,Not Important,Automated,No,List while right help experience major impact east other.,Perfect,More than 1 tsp,More than 1 tsp,1/4 tsp,N/A,N/A,1/2 tsp,1/2 tsp,Too Bland,More than 1 tsp
nwilson@perry.com,Matthew Martinez,34,Male,Yes,No,Weekly,Always,Yes,Yes,Maybe,Neutral,Adjustable,Yes,Agent analysis party step state situation give could indeed late director.,More than 1 tsp,More than 1 tsp,1/2 tsp,Too Salty,1/2 tsp,Too Salty,1/2 tsp,More than 1 tsp,Too Salty,N/A
bruce99@berry-sanchez.com,Derek Massey,54,Female,Yes,No,Not applicable,Sometimes,Maybe,No,No,Not Important,Adjustable,Yes,Type me brother Congress main this wind focus rich.,Too Salty,1/4 tsp,1/4 tsp,1/4 tsp,1/4 tsp,N/A,N/A,Too Salty,N/A,Too Salty
yberger@hotmail.com,Molly Riddle,61,Male,No,Yes,Weekly,Sometimes,Yes,Yes,Yes,Not Important,Simple UI,Yes,Week west admit those court spring.,Too Salty,N/A,Perfect,Perfect,Too Bland,More than 1 tsp,1/2 tsp,Too Salty,Too Bland,1/4 tsp
william91@mitchell-bennett.info,Julia Friedman,20,Other,Yes,Yes,Monthly,Sometimes,Maybe,No,Yes,Important,Mobile App,Yes,Environment all page carry officer need gas actually.,1/2 tsp,1/4 tsp,Too Salty,1/4 tsp,N/A,N/A,Perfect,More than 1 tsp,Perfect,1/2 tsp
barronbryan@yahoo.com,Charles Gibson,28,Female,No,Yes,Monthly,Never,Maybe,No,Yes,Very Important,Mobile App,Yes,One certainly season alone decade between.,N/A,More than 1 tsp,N/A,1/4 tsp,N/A,1/4 tsp,Too Salty,Too Salty,More than 1 tsp,More than 1 tsp
barnettmatthew@gmail.com,Rachael Kelly,57,Other,No,Yes,Not applicable,Never,No,Maybe,No,Very Important,Mobile App,Yes,Employee north would real start begin staff.,Perfect,1/2 tsp,1/2 tsp,Perfect,1/2 tsp,More than 1 tsp,More than 1 tsp,Perfect,1/4 tsp,1/4 tsp
maria59@bailey.info,Allison Barrera,59,Other,No,Yes,Rarely,Always,Maybe,Maybe,Yes,Not Important,Voice Control,No,Price article now find police less.,Perfect,Too Bland,Perfect,1/4 tsp,Too Bland,Perfect,1/4 tsp,1/2 tsp,1/4 tsp,Perfect
nelsonelizabeth@rodriguez.com,Bradley Moore,28,Male,No,No,Not applicable,Always,No,Yes,Yes,Very Important,Adjustable,Yes,Down generation east most.,Too Salty,1/2 tsp,N/A,1/4 tsp,More than 1 tsp,Perfect,Too Salty,1/2 tsp,More than 1 tsp,Too Bland
pgarrett@gmail.com,Charles Palmer,45,Male,Yes,Yes,Weekly,Never,Maybe,Maybe,Yes,Very Important,Automated,Yes,Interview yes story international despite I laugh fast throw happy.,More than 1 tsp,More than 1 tsp,1/2 tsp,More than 1 tsp,1/4 tsp,Too Bland,Too Salty,More than 1 tsp,Too Salty,1/4 tsp
riley23@hotmail.com,Patrick Stanton,62,Other,Yes,No,Weekly,Sometimes,Maybe,Yes,Yes,Important,Voice Control,No,Government seat city prove these item need pressure clear.,Perfect,Too Bland,Too Bland,1/4 tsp,Perfect,Too Salty,More than 1 tsp,Perfect,Too Bland,N/A
oscarlewis@hotmail.com,Gregory Myers,18,Female,No,Yes,Daily,Sometimes,No,Maybe,No,Neutral,Adjustable,No,Week experience general reason.,Too Salty,N/A,1/4 tsp,Too Salty,More than 1 tsp,More than 1 tsp,Too Bland,1/2 tsp,1/4 tsp,1/2 tsp
jennifer80@sosa.com,Maria Carter,31,Male,Yes,No,Not applicable,Never,No,Maybe,Maybe,Neutral,Voice Control,No,Team return agreement smile from indeed but establish.,1/2 tsp,Perfect,More than 1 tsp,Too Salty,Too Bland,Too Bland,More than 1 tsp,Too Salty,N/A,1/4 tsp
jessicabeck@hill.net,Tyler Carter,57,Other,Yes,No,Monthly,Never,No,Yes,Maybe,Neutral,Adjustable,No,Skill child nice fight buy wear interesting leave.,Perfect,Too Salty,Perfect,1/2 tsp,1/4 tsp,N/A,N/A,More than 1 tsp,More than 1 tsp,Too Salty
lmcgee@gmail.com,Mary Bush,56,Other,No,Yes,Daily,Always,Maybe,No,Maybe,Neutral,Voice Control,No,Instead join describe can face message.,Too Salty,1/2 tsp,N/A,Perfect,Perfect,1/2 tsp,1/4 tsp,Too Salty,Too Salty,Too Bland
kingmark@ponce.org,Robert Brown,22,Male,No,Yes,Weekly,Never,Yes,Yes,Maybe,Important,Mobile App,Yes,Nice character activity fly wait east manager call quickly fall.,N/A,Too Salty,N/A,1/2 tsp,Too Bland,Perfect,1/2 tsp,N/A,Too Bland,N/A
deborah49@hotmail.com,David Hernandez,50,Other,No,Yes,Not applicable,Sometimes,No,Yes,Maybe,Neutral,Automated,Yes,Believe American wide total laugh class response.,N/A,More than 1 tsp,1/2 tsp,1/4 tsp,N/A,N/A,N/A,Perfect,Too Salty,Too Bland
timothyjones@melendez.com,Stephen Powell,55,Other,No,Yes,Monthly,Sometimes,No,No,No,Important,Automated,Yes,Current drug four sign listen.,More than 1 tsp,N/A,Too Bland,More than 1 tsp,1/4 tsp,Too Salty,1/4 tsp,Perfect,N/A,1/4 tsp
josephbaker@lynch-murillo.biz,Austin Williams,59,Male,No,No,Monthly,Always,Maybe,Yes,Yes,Very Important,Adjustable,Yes,Thought nothing challenge too almost agency whom fall.,1/4 tsp,Too Salty,Perfect,More than 1 tsp,Too Salty,Too Bland,Too Salty,Perfect,1/4 tsp,Too Salty
tylerperry@hotmail.com,Nathan Montgomery,27,Female,No,Yes,Not applicable,Always,Yes,No,Yes,Not Important,Mobile App,No,Finish education could coach conference expert.,1/2 tsp,Too Bland,1/4 tsp,More than 1 tsp,Perfect,Perfect,1/4 tsp,1/2 tsp,1/4 tsp,More than 1 tsp
james69@yahoo.com,Paul Joyce,44,Other,No,No,Not applicable,Sometimes,No,Yes,Maybe,Important,Adjustable,Yes,Area arrive drop whose hospital mission future.,1/4 tsp,Too Bland,Too Salty,Too Bland,Too Bland,Perfect,Too Bland,N/A,Perfect,Perfect
patricia21@hotmail.com,Arthur Wolf,47,Female,Yes,No,Weekly,Never,No,No,Maybe,Not Important,Simple UI,No,Hospital price usually herself dinner current thank company quite.,1/4 tsp,Too Salty,1/2 tsp,1/4 tsp,Perfect,1/4 tsp,1/4 tsp,Perfect,N/A,Too Salty
tracywilliams@smith.com,John Combs,26,Female,Yes,No,Rarely,Sometimes,Yes,Maybe,Maybe,Very Important,Mobile App,No,Major indicate phone time note matter American good.,1/4 tsp,1/4 tsp,N/A,Perfect,More than 1 tsp,More than 1 tsp,Too Bland,1/2 tsp,1/4 tsp,Too Bland
rebekah17@yahoo.com,Tracy Ruiz,62,Other,No,Yes,Not applicable,Never,No,Maybe,Maybe,Not Important,Voice Control,No,My physical same food writer back upon somebody have Mr.,Too Bland,Too Salty,N/A,N/A,Perfect,N/A,More than 1 tsp,N/A,More than 1 tsp,Too Bland
heatherjohnson@yahoo.com,Katherine Rhodes,30,Male,No,No,Not applicable,Never,Maybe,Yes,Maybe,Neutral,Simple UI,No,Top age pattern billion boy little usually.,Perfect,Perfect,Too Salty,N/A,Too Bland,1/2 tsp,Perfect,Perfect,More than 1 tsp,Perfect
icopeland@gray-phillips.com,Craig Strickland,33,Female,No,No,Rarely,Sometimes,Yes,Maybe,Maybe,Important,Simple UI,No,Four another hundred owner test senior different.,N/A,1/2 tsp,1/4 tsp,N/A,1/4 tsp,Too Bland,Too Bland,Too Bland,N/A,More than 1 tsp
melissaclark@lopez.com,Brian Adams,18,Other,No,No,Daily,Sometimes,Maybe,No,Maybe,Neutral,Mobile App,Yes,Campaign necessary impact while decide.,Too Bland,More than 1 tsp,1/4 tsp,1/2 tsp,Perfect,1/2 tsp,N/A,Too Salty,More than 1 tsp,1/4 tsp
inguyen@gmail.com,Diane Mendez,43,Other,Yes,Yes,Daily,Sometimes,No,Maybe,No,Very Important,Adjustable,No,Include father his forward.,Too Bland,Perfect,1/4 tsp,More than 1 tsp,More than 1 tsp,Too Salty,1/2 tsp,Too Salty,N/A,1/2 tsp
jeffreyphelps@castillo-berg.com,Jordan Moore,52,Female,No,Yes,Not applicable,Sometimes,Yes,Maybe,Maybe,Important,Simple UI,Yes,Bar hotel moment agency by win case.,Too Salty,Too Bland,Perfect,More than 1 tsp,1/2 tsp,More than 1 tsp,Perfect,1/4 tsp,Too Salty,More than 1 tsp
bishopmargaret@reeves.com,Morgan Torres,61,Female,No,Yes,Monthly,Always,Yes,Yes,No,Important,Automated,Yes,Worker push itself strategy fund.,1/4 tsp,N/A,More than 1 tsp,More than 1 tsp,Too Bland,More than 1 tsp,Perfect,1/2 tsp,1/4 tsp,More than 1 tsp
johnsmith@ramirez.com,Mr. Rodney Green DVM,51,Female,No,Yes,Not applicable,Sometimes,Maybe,Maybe,Maybe,Not Important,Adjustable,Yes,Short game born south often exactly experience.,Perfect,1/4 tsp,1/4 tsp,Perfect,1/4 tsp,1/2 tsp,Too Salty,Too Bland,Perfect,Too Bland
stonejeff@yahoo.com,Sherry Gutierrez,51,Male,No,No,Rarely,Never,Maybe,Yes,Yes,Not Important,Voice Control,Yes,Eye carry begin support player can second officer.,N/A,Too Bland,Perfect,Perfect,1/4 tsp,Too Bland,1/4 tsp,1/2 tsp,Perfect,1/2 tsp
john51@gmail.com,Dawn Krause,51,Female,No,No,Monthly,Never,Yes,No,No,Neutral,Adjustable,No,Natural marriage sport outside including standard military report world.,1/4 tsp,Perfect,Perfect,More than 1 tsp,Too Bland,Too Bland,Too Bland,1/2 tsp,1/4 tsp,More than 1 tsp
murphylisa@yahoo.com,Norman Meyers,23,Other,Yes,No,Rarely,Always,No,No,No,Important,Voice Control,No,Continue into far tonight live yet way trouble through follow.,Too Bland,Perfect,More than 1 tsp,N/A,1/2 tsp,1/4 tsp,More than 1 tsp,1/4 tsp,1/2 tsp,Perfect
josephdurham@holden.com,Steven Deleon,24,Other,No,Yes,Monthly,Always,No,Yes,Yes,Very Important,Adjustable,No,Upon we news main little discuss expect.,1/2 tsp,More than 1 tsp,Too Bland,N/A,N/A,Perfect,Too Salty,1/2 tsp,More than 1 tsp,Too Bland
emyers@hotmail.com,Calvin Gomez,50,Other,No,Yes,Daily,Never,No,Maybe,No,Important,Simple UI,No,Find good travel ability country peace full laugh knowledge.,N/A,Too Salty,1/4 tsp,Too Salty,Perfect,Perfect,N/A,Perfect,Perfect,More than 1 tsp
marcia87@hotmail.com,Jerry Ali,29,Other,No,No,Rarely,Always,Yes,Yes,Yes,Important,Mobile App,Yes,Unit one bag brother outside all final less south stuff.,More than 1 tsp,More than 1 tsp,1/4 tsp,1/2 tsp,N/A,Too Salty,Too Salty,Too Salty,More than 1 tsp,Too Bland
bramirez@potter.com,Linda Mosley,39,Female,Yes,No,Rarely,Sometimes,No,Yes,Yes,Important,Voice Control,Yes,Everything society Mrs red better tell space benefit.,Too Bland,Too Bland,More than 1 tsp,1/2 tsp,Perfect,1/4 tsp,N/A,1/2 tsp,1/4 tsp,1/4 tsp
dzamora@yahoo.com,Shelly Lam,65,Female,No,No,Monthly,Always,Yes,No,Yes,Important,Adjustable,No,Foreign data both season letter she.,Perfect,1/4 tsp,1/2 tsp,More than 1 tsp,Perfect,N/A,Perfect,More than 1 tsp,Too Bland,1/4 tsp
suzanne15@mckinney-garcia.com,Sarah Collins,44,Female,No,Yes,Rarely,Never,Yes,Yes,Yes,Important,Adjustable,Yes,Others reality ahead result speech nearly.,1/4 tsp,N/A,Perfect,Perfect,Perfect,Too Salty,Perfect,Too Bland,More than 1 tsp,Too Bland
jerry08@kim-wright.biz,Christopher Schwartz,29,Other,Yes,Yes,Monthly,Always,Yes,Yes,No,Neutral,Simple UI,No,Artist where trouble health explain.,1/2 tsp,1/2 tsp,1/4 tsp,More than 1 tsp,1/4 tsp,1/4 tsp,N/A,Too Salty,N/A,N/A
millertiffany@gibson.com,Richard Hill,43,Female,Yes,Yes,Daily,Never,Maybe,No,Maybe,Not Important,Mobile App,Yes,Fear recently around building want century.,1/4 tsp,1/2 tsp,More than 1 tsp,N/A,1/4 tsp,Too Bland,N/A,Too Salty,Perfect,Too Salty
andreapope@morris.info,Jody Brown,58,Other,No,No,Not applicable,Sometimes,Maybe,No,Maybe,Very Important,Automated,Yes,Same entire pattern right service fast building deep owner.,Perfect,More than 1 tsp,1/2 tsp,1/2 tsp,More than 1 tsp,N/A,Too Bland,Too Salty,Too Bland,1/2 tsp
wesparza@cooper-rogers.com,Jack Smith,24,Other,No,Yes,Rarely,Never,Maybe,Maybe,No,Important,Adjustable,No,Budget wonder peace something sense reveal trouble stock sense.,Too Salty,N/A,N/A,Too Bland,1/4 tsp,1/2 tsp,Perfect,More than 1 tsp,Too Bland,More than 1 tsp
xlambert@cook-willis.com,Mark Winters,59,Male,Yes,No,Rarely,Always,Maybe,Maybe,Yes,Not Important,Automated,No,Stage they various although technology certainly drug strong.,More than 1 tsp,N/A,1/2 tsp,Too Salty,Too Salty,Too Salty,More than 1 tsp,Perfect,1/4 tsp,Perfect
jonesjeffery@gmail.com,Curtis Salazar,64,Other,Yes,No,Rarely,Never,No,No,Maybe,Neutral,Automated,Yes,Over material general among store floor around bring.,1/4 tsp,Too Bland,More than 1 tsp,More than 1 tsp,More than 1 tsp,More than 1 tsp,More than 1 tsp,1/2 tsp,Too Bland,Too Bland
marshchad@yahoo.com,Kimberly Miller,62,Female,No,No,Monthly,Sometimes,Maybe,Maybe,Yes,Not Important,Automated,No,Door marriage rule generation catch low page animal.,Too Bland,N/A,Perfect,1/2 tsp,N/A,Too Salty,1/4 tsp,Too Salty,1/2 tsp,Too Salty
qbennett@yahoo.com,Kimberly Chandler,48,Female,Yes,No,Not applicable,Always,No,Maybe,No,Important,Adjustable,No,Because eye area catch.,1/4 tsp,1/2 tsp,1/2 tsp,N/A,Too Bland,N/A,N/A,Too Salty,Perfect,1/2 tsp
jmyers@gmail.com,James Hudson,36,Male,Yes,No,Daily,Sometimes,Maybe,Maybe,Maybe,Not Important,Voice Control,Yes,Animal treat want collection add even member relationship.,Too Bland,Perfect,1/4 tsp,Too Salty,Too Bland,More than 1 tsp,More than 1 tsp,Perfect,Too Bland,Too Bland
khayden@stephenson.com,Lydia Harrell,28,Other,Yes,Yes,Not applicable,Never,No,No,Yes,Neutral,Simple UI,No,West anything option though save.,1/2 tsp,More than 1 tsp,1/2 tsp,N/A,Too Salty,Too Bland,More than 1 tsp,Perfect,1/4 tsp,N/A
karensullivan@hotmail.com,Susan Daugherty,27,Female,Yes,Yes,Daily,Sometimes,No,Maybe,Yes,Important,Adjustable,Yes,Foot site close move finally.,Too Salty,Too Salty,Perfect,1/4 tsp,Perfect,Perfect,More than 1 tsp,Too Salty,More than 1 tsp,N/A
hbennett@hotmail.com,Christopher Garcia,27,Female,Yes,No,Monthly,Sometimes,Yes,Yes,Yes,Very Important,Automated,No,Music answer fact yes those until.,Perfect,Too Bland,N/A,Too Salty,1/2 tsp,N/A,Too Bland,1/4 tsp,More than 1 tsp,More than 1 tsp
sanchezbrittany@hotmail.com,Austin Ramsey,24,Other,Yes,No,Rarely,Never,Yes,Yes,Maybe,Important,Automated,No,Consider analysis form easy that into themselves whether skill response true.,Perfect,1/4 tsp,1/2 tsp,1/2 tsp,Too Salty,1/4 tsp,Perfect,1/2 tsp,Perfect,Too Salty
eddie87@hotmail.com,Sara Rios,19,Other,Yes,Yes,Not applicable,Never,Yes,No,Maybe,Not Important,Simple UI,Yes,Next pressure voice decade such sing knowledge Mrs.,More than 1 tsp,N/A,Too Bland,Too Bland,1/4 tsp,Too Salty,Perfect,Too Salty,N/A,Perfect
gstanley@fletcher.com,Chris Marquez,43,Male,No,Yes,Rarely,Always,Yes,Maybe,No,Important,Automated,Yes,Evening process five card suffer thank writer wall whom especially.,1/4 tsp,Too Salty,Too Bland,Too Salty,N/A,1/4 tsp,N/A,1/4 tsp,Perfect,Too Bland
uramirez@greene.com,Jason Thomas,22,Male,Yes,No,Not applicable,Never,No,Yes,No,Important,Voice Control,No,Pay heavy participant service might.,1/4 tsp,Too Salty,Too Salty,1/2 tsp,Perfect,1/2 tsp,Too Salty,Too Bland,Too Salty,Perfect
wneal@greene.com,Jeremiah Jones,50,Other,Yes,No,Not applicable,Never,Maybe,Yes,Yes,Important,Automated,Yes,Evidence cold order alone cup wind truth.,Perfect,N/A,Too Salty,Too Bland,Perfect,Too Bland,Perfect,More than 1 tsp,Too Bland,1/4 tsp
nancyprice@gmail.com,Wendy Roberts,21,Male,Yes,Yes,Not applicable,Sometimes,Yes,Yes,Maybe,Important,Voice Control,Yes,From decision language successful foot public little finally.,Too Bland,More than 1 tsp,Too Salty,Too Salty,Too Bland,1/2 tsp,1/4 tsp,1/2 tsp,1/4 tsp,1/2 tsp
eharris@hotmail.com,Samuel Lopez,37,Male,No,Yes,Rarely,Sometimes,Maybe,Yes,Maybe,Very Important,Automated,No,Green friend black church figure.,More than 1 tsp,More than 1 tsp,Too Bland,More than 1 tsp,1/4 tsp,N/A,Too Salty,More than 1 tsp,1/4 tsp,More than 1 tsp
wbrown@yahoo.com,Walter Carr,65,Female,Yes,No,Not applicable,Never,No,No,Maybe,Very Important,Automated,Yes,Make during site environment language yet material middle.,More than 1 tsp,More than 1 tsp,1/2 tsp,1/4 tsp,Perfect,Perfect,1/2 tsp,1/4 tsp,Too Bland,Too Salty
melissajames@durham-barker.info,Jennifer Johnson,64,Male,No,Yes,Weekly,Always,No,Yes,No,Important,Simple UI,Yes,Hour chair sure yes even coach tax stop.,Perfect,1/4 tsp,Perfect,Perfect,N/A,Too Bland,Too Salty,N/A,N/A,Too Salty
ewingmary@gmail.com,Joseph Spencer,19,Female,No,Yes,Monthly,Sometimes,No,Yes,Maybe,Very Important,Automated,No,Others reality late information part where nothing war senior father.,More than 1 tsp,Perfect,More than 1 tsp,Too Salty,1/4 tsp,Too Salty,Too Bland,1/4 tsp,Too Salty,Too Bland
nicole62@gmail.com,Alexis Stevenson,22,Female,No,Yes,Not applicable,Always,Maybe,Yes,Maybe,Not Important,Voice Control,Yes,Teach smile staff agreement society magazine bank sport.,Too Bland,Too Salty,N/A,1/2 tsp,1/2 tsp,1/4 tsp,N/A,1/2 tsp,More than 1 tsp,N/A
alexanderanthony@yahoo.com,Kimberly Francis,55,Female,No,No,Not applicable,Always,No,Yes,No,Not Important,Mobile App,No,Art be least believe off turn might eight current anything he.,1/2 tsp,1/4 tsp,N/A,More than 1 tsp,1/4 tsp,More than 1 tsp,Perfect,N/A,Perfect,Perfect
jjames@gmail.com,Ashlee Smith,32,Other,No,No,Monthly,Never,Yes,No,Maybe,Neutral,Automated,Yes,Forget report four particularly put successful range information believe issue.,Too Salty,N/A,1/2 tsp,1/2 tsp,1/4 tsp,More than 1 tsp,N/A,Perfect,Too Bland,More than 1 tsp
christopher73@gmail.com,Tina Fernandez,59,Female,No,No,Monthly,Sometimes,Yes,No,Yes,Neutral,Voice Control,No,Enjoy water investment statement bad exactly religious his.,1/2 tsp,Perfect,More than 1 tsp,More than 1 tsp,1/2 tsp,More than 1 tsp,More than 1 tsp,1/4 tsp,1/2 tsp,1/4 tsp
grimesryan@smith.biz,Dale Thomas,40,Female,Yes,No,Not applicable,Sometimes,Maybe,Yes,No,Not Important,Voice Control,No,Science offer save compare language see purpose store.,N/A,Too Salty,1/4 tsp,1/4 tsp,Too Salty,N/A,More than 1 tsp,Too Salty,1/4 tsp,Too Bland
jefferykennedy@yahoo.com,William Winters,64,Male,No,Yes,Daily,Never,Maybe,No,No,Not Important,Mobile App,Yes,Son glass race arrive maintain new process door police.,1/4 tsp,Too Salty,Perfect,1/2 tsp,N/A,Too Bland,N/A,1/4 tsp,N/A,Too Bland
uatkins@hotmail.com,Barbara Porter,35,Other,No,No,Daily,Sometimes,No,Maybe,Yes,Neutral,Voice Control,Yes,Sell direction close expert ground particular strong great.,1/4 tsp,1/4 tsp,1/2 tsp,Too Bland,1/4 tsp,Too Salty,Too Bland,N/A,Too Salty,Perfect
angela13@simmons-rojas.com,Jason Davidson,34,Other,No,No,Monthly,Always,Maybe,Yes,Maybe,Neutral,Mobile App,Yes,Gas course identify note.,1/4 tsp,Too Bland,More than 1 tsp,More than 1 tsp,Too Salty,Too Bland,N/A,Too Salty,1/4 tsp,Perfect
jonathan91@mayo-smith.org,Jeremy Henry,51,Male,Yes,No,Weekly,Never,Maybe,Yes,Yes,Important,Mobile App,Yes,Front add firm size benefit.,Too Bland,N/A,N/A,Too Bland,Too Salty,1/4 tsp,Perfect,Too Salty,Too Bland,1/2 tsp
camachogary@hotmail.com,Angela Moon,34,Other,No,Yes,Not applicable,Never,Maybe,No,Yes,Important,Automated,Yes,Pass past politics song outside join require plant describe sure.,Too Salty,1/4 tsp,1/2 tsp,1/2 tsp,More than 1 tsp,Perfect,Perfect,1/2 tsp,More than 1 tsp,Too Bland
kcooper@flowers.biz,Brian Norris,48,Other,No,No,Daily,Sometimes,No,Maybe,Yes,Important,Voice Control,No,Population size clear seven interest hair seem lot develop.,More than 1 tsp,1/2 tsp,Too Salty,More than 1 tsp,More than 1 tsp,More than 1 tsp,More than 1 tsp,1/4 tsp,Too Bland,1/2 tsp
chelsea00@gmail.com,Katie Perry,34,Other,No,No,Weekly,Never,Yes,Yes,No,Neutral,Simple UI,Yes,Kitchen remain feel sometimes factor not none key.,1/2 tsp,Perfect,Too Bland,1/2 tsp,1/2 tsp,1/4 tsp,More than 1 tsp,Too Salty,N/A,Too Bland
powellbrian@robinson.biz,David White,61,Other,Yes,Yes,Weekly,Always,Maybe,No,No,Important,Adjustable,Yes,Position mean administration specific type movie provide still.,1/4 tsp,Too Salty,1/4 tsp,1/4 tsp,1/2 tsp,Too Bland,1/4 tsp,More than 1 tsp,1/4 tsp,N/A
joseph87@yahoo.com,Jocelyn Salazar,28,Female,Yes,Yes,Weekly,Sometimes,Yes,No,No,Important,Adjustable,No,System five use power court.,Too Salty,N/A,More than 1 tsp,Too Salty,Perfect,N/A,More than 1 tsp,N/A,1/2 tsp,Too Salty
rebecca48@edwards-horton.com,Anna Smith,65,Female,Yes,No,Monthly,Never,No,Yes,Yes,Very Important,Automated,Yes,Positive write third one direction painting describe nor own.,1/4 tsp,1/4 tsp,Too Salty,N/A,1/2 tsp,Too Salty,1/4 tsp,Too Salty,More than 1 tsp,Too Bland
rthomas@stone.org,Sara Stevens,58,Other,Yes,No,Not applicable,Always,No,Yes,No,Neutral,Automated,No,Various according effect management ten front sure.,Perfect,More than 1 tsp,Perfect,More than 1 tsp,1/4 tsp,1/2 tsp,N/A,Perfect,More than 1 tsp,N/A
dylan88@gmail.com,Christopher Jones,20,Male,No,No,Not applicable,Never,Maybe,Maybe,No,Important,Voice Control,No,Home modern tough after then water worry live.,1/4 tsp,N/A,More than 1 tsp,N/A,1/2 tsp,N/A,More than 1 tsp,Too Salty,Too Salty,Too Salty
wilsonerin@avery.com,Sheena Huff,29,Female,Yes,No,Daily,Always,Yes,Yes,Yes,Very Important,Voice Control,No,Adult wear while study decade two finish above note I.,Too Bland,1/4 tsp,N/A,Too Bland,More than 1 tsp,1/4 tsp,Perfect,1/4 tsp,Too Salty,Too Salty
petergraves@yahoo.com,Carrie Cunningham,43,Female,No,No,Not applicable,Never,Yes,Maybe,No,Important,Mobile App,No,Role still interest focus final raise continue.,Too Salty,1/4 tsp,1/2 tsp,1/4 tsp,Perfect,Too Salty,1/2 tsp,1/4 tsp,1/2 tsp,1/4 tsp
garciadonna@hotmail.com,John Brown,29,Female,No,Yes,Monthly,Sometimes,No,No,Maybe,Important,Voice Control,No,Military your piece great price bed fish national scene political.,Perfect,N/A,Too Bland,N/A,1/4 tsp,Too Bland,Too Salty,1/2 tsp,Too Bland,Too Salty
jasminenorton@turner.biz,Brian Phillips,27,Male,Yes,No,Daily,Always,No,Yes,Maybe,Neutral,Automated,Yes,Member indicate foot list assume tax market five.,N/A,1/4 tsp,Too Salty,1/2 tsp,N/A,1/2 tsp,More than 1 tsp,N/A,Perfect,Too Salty
tracey92@giles.biz,Jonathan Ray,52,Female,Yes,Yes,Weekly,Always,Maybe,Maybe,No,Not Important,Mobile App,No,Even daughter answer left allow fish cell.,1/4 tsp,N/A,Too Bland,1/4 tsp,Too Bland,1/2 tsp,Too Salty,1/2 tsp,Too Salty,More than 1 tsp
garymorse@hotmail.com,Brooke Hess,27,Male,No,No,Not applicable,Sometimes,Maybe,Yes,Yes,Not Important,Voice Control,No,Fly other up result name current.,N/A,1/2 tsp,Perfect,Too Bland,Too Salty,More than 1 tsp,N/A,Perfect,More than 1 tsp,N/A
cynthiamiller@guerrero.com,Kyle Oconnor,48,Other,Yes,No,Daily,Sometimes,Maybe,Yes,Maybe,Not Important,Simple UI,Yes,Perhaps including reality structure citizen pass.,N/A,Too Salty,Too Bland,Perfect,1/4 tsp,Too Bland,N/A,1/4 tsp,N/A,Too Salty
nathanielperez@gmail.com,Misty Hernandez MD,62,Male,No,Yes,Not applicable,Sometimes,Maybe,No,No,Important,Adjustable,Yes,Those sign while here his sound.,More than 1 tsp,N/A,Perfect,Perfect,Too Bland,More than 1 tsp,Too Salty,1/4 tsp,1/4 tsp,1/2 tsp
shelleycobb@jennings-hernandez.com,Melissa Taylor,59,Male,Yes,Yes,Daily,Sometimes,No,No,Yes,Not Important,Simple UI,No,Board near guess heavy read source hotel capital play.,Too Salty,More than 1 tsp,1/2 tsp,Perfect,Too Salty,More than 1 tsp,N/A,More than 1 tsp,1/2 tsp,Too Salty
cervantesjavier@gmail.com,Brian Alexander,32,Other,No,No,Rarely,Never,No,No,No,Important,Voice Control,No,Ready protect trouble nation fight picture many fall factor issue.,N/A,Perfect,Too Salty,1/4 tsp,1/4 tsp,Too Salty,1/2 tsp,Perfect,Perfect,Too Bland
hbradley@powell-lewis.net,Jim Garcia,32,Male,Yes,No,Rarely,Always,Yes,Maybe,Maybe,Important,Simple UI,No,Attention especially factor fly rise last until push in.,N/A,Too Salty,1/2 tsp,N/A,Too Bland,1/2 tsp,Too Salty,N/A,1/2 tsp,Too Salty
james18@yahoo.com,Carolyn Whitehead,19,Male,Yes,Yes,Rarely,Sometimes,Yes,Yes,Yes,Important,Mobile App,Yes,Score same when agreement main.,More than 1 tsp,1/4 tsp,Too Salty,1/2 tsp,1/4 tsp,Perfect,1/4 tsp,1/2 tsp,Too Salty,Too Salty
christina94@hotmail.com,Samantha Horton,25,Other,No,Yes,Rarely,Sometimes,No,Maybe,No,Neutral,Automated,Yes,Here prove spend general eight one issue.,1/2 tsp,1/4 tsp,Too Salty,1/4 tsp,1/4 tsp,1/2 tsp,Perfect,1/2 tsp,1/2 tsp,Too Bland
edougherty@hotmail.com,Richard Griffin,30,Other,Yes,Yes,Daily,Never,Yes,Maybe,Yes,Neutral,Mobile App,Yes,Follow feel reduce air news accept.,1/2 tsp,1/4 tsp,Too Salty,More than 1 tsp,Too Salty,Perfect,More than 1 tsp,Perfect,N/A,N/A
kristen80@gmail.com,Jacqueline Oneal,40,Female,Yes,No,Daily,Sometimes,Yes,Maybe,No,Important,Automated,Yes,Need firm teacher agent.,1/2 tsp,Too Bland,1/4 tsp,Too Bland,Perfect,1/2 tsp,Too Bland,1/2 tsp,Perfect,1/2 tsp
allison76@yahoo.com,Brittany Carpenter,53,Male,No,No,Daily,Always,No,Maybe,Yes,Neutral,Adjustable,Yes,Affect speech accept impact myself reach student return civil.,Too Salty,Too Salty,1/4 tsp,Too Salty,More than 1 tsp,Too Salty,1/4 tsp,Perfect,N/A,1/4 tsp
jacquelinemeyer@hotmail.com,Tiffany Davis,31,Other,Yes,Yes,Rarely,Never,Maybe,No,Yes,Neutral,Automated,Yes,Matter fight north Democrat writer forget fly kitchen thought evening.,Too Bland,Too Bland,1/2 tsp,Too Salty,More than 1 tsp,Perfect,Too Salty,Too Bland,1/4 tsp,N/A
qnelson@howard-elliott.com,Caroline Patel,62,Other,No,Yes,Rarely,Never,No,Maybe,Yes,Important,Voice Control,No,Must safe parent style have reduce fine.,Too Salty,Perfect,Too Salty,More than 1 tsp,Too Bland,Too Bland,More than 1 tsp,1/2 tsp,1/4 tsp,1/4 tsp
josephhughes@gmail.com,Maria Werner,31,Other,No,Yes,Daily,Always,Maybe,Yes,Maybe,Neutral,Voice Control,No,Main ever evidence great future address.,Too Bland,Too Salty,N/A,Too Salty,Too Salty,More than 1 tsp,Too Bland,More than 1 tsp,Perfect,More than 1 tsp
robertnorris@riley-nelson.com,Anthony Rowland,29,Other,No,Yes,Daily,Sometimes,Maybe,Yes,No,Neutral,Automated,No,Amount first worry suddenly already wear scene feel between.,1/2 tsp,Too Bland,More than 1 tsp,More than 1 tsp,Perfect,1/2 tsp,Perfect,N/A,1/2 tsp,1/2 tsp
ejackson@poole-jones.com,Ashley Long,19,Male,Yes,No,Daily,Always,Yes,No,Yes,Very Important,Automated,No,Cold any others suddenly sing push class when.,Perfect,N/A,Too Salty,N/A,Too Salty,1/2 tsp,Too Bland,More than 1 tsp,Too Bland,1/2 tsp
xyoung@martinez.com,Natasha Henry,62,Other,No,No,Monthly,Sometimes,Yes,Maybe,Maybe,Neutral,Simple UI,Yes,Both worker trial can push young again.,More than 1 tsp,Perfect,1/4 tsp,More than 1 tsp,More than 1 tsp,1/2 tsp,Perfect,Perfect,Perfect,1/4 tsp
boydpatricia@smith.com,Elizabeth Bryan,55,Male,Yes,Yes,Weekly,Never,Yes,Yes,Yes,Not Important,Adjustable,Yes,Anything above information get him process above institution rise laugh.,More than 1 tsp,Too Bland,Too Bland,Too Bland,Perfect,More than 1 tsp,N/A,More than 1 tsp,1/4 tsp,Perfect
alexandrahall@gmail.com,Sarah Williams,42,Other,No,No,Not applicable,Sometimes,Maybe,Maybe,Yes,Neutral,Automated,Yes,Main however large apply commercial return morning I.,Too Bland,N/A,1/2 tsp,N/A,1/2 tsp,Too Salty,Too Salty,Perfect,1/4 tsp,Too Salty
ricesavannah@spencer.info,Thomas Le,65,Other,No,Yes,Rarely,Sometimes,Maybe,Maybe,No,Very Important,Adjustable,Yes,Property catch movie draw girl near page.,More than 1 tsp,Too Bland,Perfect,Perfect,1/2 tsp,Too Salty,Perfect,Perfect,1/4 tsp,More than 1 tsp
igomez@rivera.info,Sheila Brown,52,Other,Yes,Yes,Rarely,Never,Maybe,Yes,No,Neutral,Voice Control,No,College senior ability better country mind.,Too Salty,1/4 tsp,Too Bland,More than 1 tsp,Perfect,Perfect,N/A,Too Salty,N/A,N/A
garrettlawrence@gmail.com,Zachary Garcia,50,Other,Yes,No,Weekly,Never,No,Maybe,Yes,Neutral,Simple UI,No,Guy anything oil follow nature page view.,More than 1 tsp,Too Salty,Perfect,Perfect,Perfect,Too Salty,More than 1 tsp,Perfect,Too Salty,More than 1 tsp
elizabethcasey@hotmail.com,Andrew Mitchell,32,Male,No,Yes,Rarely,Sometimes,Yes,No,No,Not Important,Voice Control,No,Left enjoy yard question bring view sing.,1/2 tsp,Too Bland,More than 1 tsp,N/A,More than 1 tsp,N/A,Too Bland,N/A,More than 1 tsp,Perfect
mary98@camacho.org,Jacqueline Rogers,40,Female,Yes,Yes,Monthly,Always,Yes,Yes,No,Neutral,Voice Control,No,East boy social born race.,1/4 tsp,Too Salty,1/4 tsp,Too Salty,N/A,N/A,More than 1 tsp,1/2 tsp,More than 1 tsp,Too Salty
lesliewilliams@barnett.com,Seth Garcia,41,Male,No,No,Not applicable,Never,Yes,Yes,Maybe,Neutral,Simple UI,Yes,Impact poor manager black production occur keep dream personal maybe.,1/2 tsp,1/4 tsp,More than 1 tsp,More than 1 tsp,N/A,Perfect,Too Salty,Perfect,Too Bland,1/4 tsp
nguyenheather@yahoo.com,Joshua Roberts,27,Male,Yes,No,Daily,Always,Maybe,Yes,No,Neutral,Adjustable,Yes,Itself its choose account deal surface range pattern.,Too Bland,Too Salty,More than 1 tsp,Too Salty,1/4 tsp,Too Salty,1/4 tsp,Too Bland,1/4 tsp,More than 1 tsp
sarah20@hotmail.com,Michael Smith,38,Other,No,Yes,Weekly,Never,No,Maybe,No,Important,Automated,Yes,Push health head election myself yeah.,Too Salty,N/A,Perfect,N/A,1/2 tsp,1/2 tsp,Too Salty,1/4 tsp,Too Bland,Too Bland
sjohnson@thomas.com,Michelle Newton,58,Female,Yes,No,Daily,Never,No,Maybe,Yes,Important,Adjustable,No,Project moment keep his protect rate section pay open special past.,Too Bland,More than 1 tsp,Too Bland,1/4 tsp,Too Bland,1/4 tsp,Perfect,Perfect,1/2 tsp,Perfect
tward@hicks-roy.net,Michael Johnson,65,Other,No,No,Monthly,Never,Yes,Yes,Maybe,Not Important,Automated,No,Nation agent husband store us address recent religious hundred subject.,More than 1 tsp,1/2 tsp,1/2 tsp,1/2 tsp,N/A,1/4 tsp,More than 1 tsp,N/A,N/A,Perfect
rayterri@gmail.com,George Warner,30,Other,No,Yes,Rarely,Sometimes,No,Maybe,Yes,Neutral,Simple UI,No,This computer agent chair big hour time car capital base.,Too Bland,Perfect,1/4 tsp,Too Salty,Too Bland,Too Salty,Too Bland,More than 1 tsp,Too Bland,1/4 tsp
danielhunter@barnes.com,Carlos Mcguire,50,Male,Yes,Yes,Daily,Sometimes,Maybe,Maybe,No,Not Important,Voice Control,Yes,Building situation as defense notice find.,N/A,Perfect,1/4 tsp,Too Salty,N/A,Too Salty,N/A,More than 1 tsp,1/4 tsp,1/2 tsp
aliciaarmstrong@gmail.com,Marisa Jones,28,Male,No,No,Not applicable,Sometimes,No,No,No,Important,Simple UI,No,Deep no politics former mention edge decade.,Too Salty,1/2 tsp,1/2 tsp,1/2 tsp,Perfect,1/4 tsp,Too Salty,1/4 tsp,1/2 tsp,1/2 tsp
petersonkrista@smith-dominguez.com,Samantha Mccall,22,Female,No,No,Weekly,Never,Yes,Yes,Maybe,Not Important,Automated,No,Full street like child soldier.,More than 1 tsp,1/2 tsp,Perfect,More than 1 tsp,Too Bland,More than 1 tsp,1/4 tsp,Too Bland,N/A,Perfect
hensleythomas@hotmail.com,Christina Carlson,26,Other,Yes,Yes,Daily,Never,Yes,Maybe,No,Important,Automated,Yes,Truth against both discuss blood visit her.,Perfect,Perfect,1/2 tsp,Too Bland,Too Bland,1/4 tsp,Too Salty,Perfect,Perfect,More than 1 tsp
kelliclark@murphy.info,John Hensley,51,Other,Yes,No,Not applicable,Sometimes,Maybe,Yes,Maybe,Not Important,Adjustable,No,Soldier first clearly protect eight leg white their writer professor.,Too Salty,Perfect,Perfect,Perfect,More than 1 tsp,N/A,1/4 tsp,1/4 tsp,Too Salty,Too Salty
thompsonadam@robertson.com,Janet Hernandez,61,Female,Yes,No,Weekly,Never,Yes,Maybe,Yes,Very Important,Adjustable,Yes,Music model particular new our teacher.,Too Bland,More than 1 tsp,N/A,Too Bland,1/4 tsp,Perfect,Too Bland,Too Bland,Too Bland,Too Bland
jamesroberts@miller-james.com,Dr. Kathy Schmidt,28,Other,Yes,No,Rarely,Sometimes,No,Maybe,Yes,Neutral,Voice Control,Yes,Rule live industry investment term available instead recognize behavior pass peace.,Too Salty,N/A,Too Salty,More than 1 tsp,1/4 tsp,Too Bland,1/2 tsp,Perfect,1/4 tsp,1/4 tsp
parksedgar@gmail.com,Kenneth Clark,34,Female,No,Yes,Rarely,Always,Yes,Maybe,No,Very Important,Mobile App,Yes,Meeting model south knowledge pick reveal teach rest right exist.,1/4 tsp,Perfect,Too Bland,More than 1 tsp,N/A,Too Salty,Too Salty,N/A,Too Bland,N/A
davidmack@yahoo.com,Madison Ross,21,Other,Yes,Yes,Monthly,Never,Maybe,Maybe,Yes,Neutral,Mobile App,Yes,Table raise character list while realize house and.,N/A,Perfect,Too Salty,1/2 tsp,Too Salty,Too Salty,N/A,N/A,Too Salty,1/4 tsp
robertsonchad@yahoo.com,Maria Barajas,35,Male,Yes,Yes,Daily,Sometimes,Maybe,Yes,Maybe,Very Important,Adjustable,Yes,School game institution necessary four market anyone book those student.,Too Salty,Perfect,1/2 tsp,Perfect,Too Bland,Too Salty,1/2 tsp,N/A,1/4 tsp,Perfect
toni81@coffey.com,Rachel Carlson,40,Other,Yes,No,Monthly,Sometimes,No,Maybe,No,Neutral,Simple UI,Yes,Record TV ball bank myself two down environment arm yard.,1/4 tsp,N/A,Perfect,N/A,Too Salty,1/2 tsp,1/2 tsp,1/4 tsp,N/A,N/A
andersonkeith@greer-cook.net,Larry Edwards,42,Female,No,Yes,Rarely,Never,No,Yes,No,Neutral,Simple UI,Yes,Drop since simple brother believe take do name.,1/4 tsp,1/2 tsp,Too Bland,1/4 tsp,Perfect,Too Bland,1/2 tsp,Too Bland,Too Bland,Too Salty
millsjohn@jimenez.com,Kathleen Roberts,40,Male,No,No,Rarely,Sometimes,No,No,Maybe,Very Important,Automated,No,Exist development help begin single win image.,1/2 tsp,More than 1 tsp,N/A,N/A,Perfect,1/4 tsp,Too Bland,Too Bland,1/2 tsp,1/2 tsp
udawson@gomez-delgado.com,Debra Yates,38,Other,Yes,No,Rarely,Never,Maybe,Maybe,Yes,Important,Adjustable,Yes,Few start society product throw performance officer well father receive rather.,Too Salty,1/2 tsp,1/4 tsp,Perfect,1/2 tsp,1/2 tsp,Too Salty,More than 1 tsp,1/4 tsp,Perfect
ghunt@gmail.com,Amy Stephens,63,Male,No,Yes,Not applicable,Always,Maybe,Maybe,Maybe,Important,Adjustable,No,Particularly call number open build.,Too Bland,Too Bland,N/A,N/A,Too Bland,Perfect,Too Salty,1/4 tsp,Too Bland,1/2 tsp
grivera@wolf.com,Derek Burton,56,Male,No,Yes,Not applicable,Never,No,No,Yes,Very Important,Automated,No,Month unit need data meet cut magazine speak.,Too Bland,N/A,Too Salty,More than 1 tsp,Too Salty,More than 1 tsp,1/4 tsp,Perfect,Too Bland,Perfect
shanegrant@miller-harrison.com,Mark Nolan,54,Female,No,No,Daily,Always,Yes,No,Yes,Not Important,Mobile App,No,Idea dark accept force despite word.,1/4 tsp,1/2 tsp,1/4 tsp,1/4 tsp,Too Salty,Too Bland,Perfect,N/A,More than 1 tsp,More than 1 tsp
daniellecooke@gmail.com,Amber Knight,54,Female,Yes,Yes,Rarely,Sometimes,Maybe,No,Yes,Important,Voice Control,Yes,Employee step social between trial fill pay.,1/2 tsp,Perfect,1/2 tsp,More than 1 tsp,Too Bland,1/2 tsp,Too Salty,1/4 tsp,More than 1 tsp,More than 1 tsp
qbell@wilson.biz,Corey Fitzgerald,19,Female,Yes,Yes,Monthly,Always,Yes,No,Yes,Very Important,Voice Control,Yes,Need Congress to unit line decide drive.,Too Bland,1/2 tsp,Too Salty,N/A,1/4 tsp,1/4 tsp,1/4 tsp,N/A,Too Bland,1/2 tsp
wkim@hill.com,Rebecca Mayo,46,Male,Yes,No,Daily,Sometimes,Yes,Maybe,Maybe,Not Important,Voice Control,Yes,Reflect successful skill detail and near often enjoy.,1/4 tsp,Perfect,Perfect,Too Salty,More than 1 tsp,Too Salty,Perfect,1/2 tsp,More than 1 tsp,N/A
rodriguezsummer@houston-silva.biz,Melinda Miller,51,Female,Yes,No,Rarely,Never,No,Maybe,No,Not Important,Mobile App,Yes,Believe large carry language south seven against charge job certain.,Too Bland,N/A,More than 1 tsp,Too Bland,1/4 tsp,1/2 tsp,Too Bland,1/4 tsp,Too Salty,N/A
johnflores@king-perez.com,Melissa White,44,Female,Yes,Yes,Not applicable,Always,No,No,No,Important,Automated,Yes,Listen safe within he election skill other owner box hospital.,1/4 tsp,1/2 tsp,N/A,1/4 tsp,N/A,1/4 tsp,Too Salty,N/A,1/4 tsp,1/4 tsp
monroecheryl@hale.biz,Dennis White,45,Female,No,No,Monthly,Never,No,Maybe,Maybe,Important,Automated,Yes,Hope have for strong power into.,Perfect,More than 1 tsp,Too Bland,1/4 tsp,Too Bland,1/4 tsp,Too Salty,More than 1 tsp,N/A,Too Salty
brandonbaker@galloway.biz,Alexander Simmons,30,Male,No,No,Daily,Always,Maybe,Maybe,No,Not Important,Simple UI,Yes,Direction together rich dream quality car expert still entire tend.,Too Bland,Too Bland,Too Salty,More than 1 tsp,Too Bland,N/A,Too Bland,More than 1 tsp,1/2 tsp,Too Salty
douglasphillips@ellis.com,David Dixon,55,Female,Yes,No,Daily,Always,Yes,No,Maybe,Neutral,Mobile App,No,Represent beyond whose cost customer center believe.,Too Salty,Too Bland,1/2 tsp,Too Bland,More than 1 tsp,Too Bland,1/4 tsp,Too Bland,More than 1 tsp,Too Bland
susanperez@hotmail.com,Ethan Krause,59,Other,No,No,Weekly,Never,No,No,Yes,Not Important,Mobile App,Yes,Affect firm daughter could market staff run good.,N/A,Too Salty,1/2 tsp,1/4 tsp,1/4 tsp,N/A,1/2 tsp,1/4 tsp,1/2 tsp,Perfect
vreid@griffin.com,Kristina Barber,40,Male,Yes,Yes,Not applicable,Always,No,Maybe,Maybe,Very Important,Voice Control,Yes,Story practice central wait instead quite.,1/4 tsp,More than 1 tsp,N/A,Too Salty,Perfect,More than 1 tsp,N/A,More than 1 tsp,Too Bland,Perfect
fwoods@hotmail.com,Dr. Jessica Taylor,18,Male,Yes,Yes,Daily,Always,No,Yes,Maybe,Important,Voice Control,No,From daughter after example something data.,N/A,N/A,Too Bland,Perfect,1/2 tsp,More than 1 tsp,More than 1 tsp,N/A,Perfect,1/4 tsp
dbrown@howard-duffy.net,Cory Alvarado,35,Other,No,No,Not applicable,Sometimes,Maybe,No,Yes,Neutral,Simple UI,Yes,Can ability true story fill dream majority response they must.,1/2 tsp,More than 1 tsp,Too Bland,More than 1 tsp,Too Salty,Too Salty,N/A,Too Bland,1/2 tsp,Too Bland
davisamber@riley.biz,Kerry Taylor,43,Male,Yes,Yes,Daily,Never,No,No,Maybe,Very Important,Automated,Yes,Ground lot soon those house approach water tax so develop.,More than 1 tsp,Too Bland,N/A,Perfect,N/A,Too Bland,1/4 tsp,Perfect,Too Salty,1/4 tsp
jshaw@carter-norman.net,Kenneth Johnson,58,Male,No,No,Weekly,Always,Maybe,No,No,Important,Mobile App,Yes,Sit social short protect fight society shake candidate.,More than 1 tsp,Perfect,N/A,Too Salty,Perfect,1/2 tsp,1/4 tsp,N/A,1/4 tsp,More than 1 tsp
lgarcia@nolan.org,Christine Bryan,40,Male,Yes,Yes,Daily,Always,No,Yes,No,Very Important,Adjustable,Yes,Student travel dark during director knowledge we author seat.,Perfect,More than 1 tsp,1/2 tsp,1/4 tsp,N/A,1/4 tsp,Too Bland,Too Bland,More than 1 tsp,Too Salty
charlesfowler@clayton-johnson.com,Kristin Turner,38,Male,No,Yes,Weekly,Always,No,Maybe,Yes,Not Important,Voice Control,Yes,Spring return well decision five son mention social.,N/A,More than 1 tsp,Perfect,Too Bland,Perfect,Perfect,1/2 tsp,Too Salty,Too Salty,1/4 tsp
carriejackson@bennett-johnson.com,Heather Guerra,48,Other,Yes,No,Rarely,Sometimes,Maybe,Maybe,No,Neutral,Simple UI,Yes,Bring policy middle bill child.,1/2 tsp,Too Salty,1/4 tsp,N/A,N/A,More than 1 tsp,1/2 tsp,More than 1 tsp,Perfect,Too Salty
taylor44@riggs.com,Nicole Cortez,62,Female,No,No,Daily,Always,Maybe,Maybe,Maybe,Neutral,Automated,Yes,Anything include character or stand can.,Perfect,Too Bland,Too Salty,Too Salty,More than 1 tsp,Perfect,N/A,More than 1 tsp,Too Salty,1/2 tsp
carla76@harvey.biz,Stephanie Smith,38,Female,Yes,Yes,Weekly,Sometimes,No,Maybe,No,Important,Simple UI,Yes,Hot teach instead but long artist some ready without right.,Too Bland,1/2 tsp,Perfect,1/4 tsp,N/A,N/A,More than 1 tsp,1/2 tsp,Too Salty,1/2 tsp
mark32@hotmail.com,Jamie Schultz,65,Other,No,No,Monthly,Never,No,Yes,Yes,Neutral,Automated,Yes,Beautiful take friend cell wife they surface matter though.,More than 1 tsp,Too Bland,Too Bland,Too Salty,Too Bland,1/4 tsp,N/A,Perfect,Perfect,1/4 tsp
kenneth87@ramsey.net,Chad Allen,33,Other,Yes,No,Rarely,Never,No,Yes,Maybe,Not Important,Mobile App,No,Study investment difference thousand turn successful friend the.,1/2 tsp,Perfect,Perfect,Too Salty,Perfect,More than 1 tsp,More than 1 tsp,N/A,More than 1 tsp,Too Salty
scottpearson@cooper.org,Willie Walton,56,Other,Yes,Yes,Monthly,Always,No,No,No,Neutral,Voice Control,Yes,Life guy though significant everybody Congress in serious strong.,More than 1 tsp,Too Salty,More than 1 tsp,Too Bland,N/A,Too Salty,Perfect,Too Bland,Too Bland,1/2 tsp
chasemitchell@mitchell.org,Elizabeth Roach,56,Female,No,No,Not applicable,Always,Yes,Maybe,Maybe,Important,Adjustable,Yes,Machine point drive president note speech.,More than 1 tsp,Too Bland,1/4 tsp,Too Bland,1/2 tsp,1/2 tsp,More than 1 tsp,1/2 tsp,N/A,Too Salty
clarkejoseph@reese.com,Joseph Scott,21,Female,No,Yes,Monthly,Sometimes,Maybe,Yes,Maybe,Not Important,Simple UI,No,Song close experience market several plant send five call after security.,More than 1 tsp,More than 1 tsp,1/4 tsp,More than 1 tsp,1/4 tsp,1/4 tsp,N/A,1/2 tsp,More than 1 tsp,Perfect
combscarolyn@yahoo.com,Robert Bray,27,Male,Yes,No,Weekly,Sometimes,No,Maybe,Maybe,Important,Adjustable,Yes,Image physical tonight stock candidate offer his.,1/4 tsp,Too Salty,N/A,Too Bland,1/2 tsp,N/A,1/2 tsp,Too Salty,1/4 tsp,More than 1 tsp
psalazar@orozco.net,Stephen Edwards,33,Other,No,No,Daily,Sometimes,Maybe,Yes,Yes,Very Important,Simple UI,Yes,System middle despite plant theory enjoy.,Too Salty,1/2 tsp,N/A,1/4 tsp,N/A,Too Salty,More than 1 tsp,Too Bland,1/4 tsp,1/2 tsp
icook@yahoo.com,Matthew Hernandez,24,Female,Yes,No,Weekly,Always,Maybe,Yes,Yes,Neutral,Adjustable,No,Need treat kind official my create.,Perfect,1/4 tsp,Too Salty,More than 1 tsp,More than 1 tsp,1/2 tsp,Perfect,Perfect,1/4 tsp,1/2 tsp
ualexander@hotmail.com,Gabriela Herrera,47,Female,No,Yes,Daily,Sometimes,Yes,Maybe,Maybe,Important,Simple UI,Yes,Hour language work baby agent second somebody save yourself receive.,More than 1 tsp,1/2 tsp,Too Bland,Too Bland,Too Bland,Too Salty,1/2 tsp,N/A,More than 1 tsp,More than 1 tsp
eric59@reid-schwartz.net,Cindy Paul,57,Other,Yes,No,Daily,Sometimes,Maybe,Yes,No,Important,Voice Control,Yes,Trouble line result yourself general majority power performance resource walk from.,Perfect,1/4 tsp,Perfect,1/4 tsp,Too Bland,N/A,1/4 tsp,1/4 tsp,N/A,1/2 tsp
kellierosales@gmail.com,Joseph Manning,58,Male,No,No,Rarely,Sometimes,Yes,Yes,Yes,Neutral,Simple UI,Yes,Store thing almost any peace on anyone because.,N/A,More than 1 tsp,1/2 tsp,More than 1 tsp,1/2 tsp,Too Salty,Too Bland,More than 1 tsp,Too Salty,Too Salty
gochoa@hotmail.com,Willie Williams,54,Female,No,No,Monthly,Never,Maybe,Maybe,Maybe,Not Important,Adjustable,No,Above speak reduce exactly environment why large impact probably box.,1/4 tsp,N/A,Too Bland,Too Salty,Too Bland,1/2 tsp,1/4 tsp,1/4 tsp,Perfect,Too Bland
kathleenmorris@gmail.com,Destiny Vang,40,Male,Yes,Yes,Rarely,Sometimes,Maybe,Maybe,Maybe,Not Important,Automated,No,Use court glass across like crime necessary.,1/4 tsp,Too Salty,1/4 tsp,More than 1 tsp,1/4 tsp,N/A,Perfect,Too Salty,Perfect,More than 1 tsp
rodney93@benitez.info,Ronald Alvarado,49,Female,Yes,No,Weekly,Never,Yes,No,Yes,Important,Mobile App,Yes,Act letter edge face industry same animal.,Perfect,Too Bland,N/A,Too Bland,Too Salty,Perfect,Too Bland,N/A,Too Salty,More than 1 tsp
ipayne@jones.biz,Robin Williams,20,Other,Yes,Yes,Daily,Never,Yes,No,No,Neutral,Adjustable,Yes,On blue life rise bag fish doctor when current want mean.,Too Bland,Perfect,1/4 tsp,Perfect,More than 1 tsp,1/2 tsp,N/A,Perfect,Too Bland,Too Salty
thansen@boyd.info,Sarah Luna,19,Other,No,Yes,Monthly,Never,Maybe,No,Maybe,Not Important,Adjustable,No,Along road put sing without subject oil.,Too Salty,Too Bland,Too Salty,Perfect,N/A,Perfect,Perfect,More than 1 tsp,N/A,1/2 tsp
jkelly@porter-allen.com,Rachael Le,38,Other,Yes,Yes,Daily,Always,Yes,No,Maybe,Not Important,Simple UI,No,Himself center decision child.,1/2 tsp,Perfect,Too Bland,Too Bland,1/4 tsp,More than 1 tsp,Too Bland,More than 1 tsp,Perfect,Too Salty
bensonsteven@yahoo.com,Diane Young,65,Male,Yes,Yes,Daily,Always,Yes,Maybe,Maybe,Not Important,Automated,No,Near team rule go recently war.,Too Salty,N/A,Too Bland,1/2 tsp,1/4 tsp,Too Salty,Too Salty,1/4 tsp,Too Bland,Too Salty
monica80@gmail.com,Mr. Corey Nixon,30,Male,No,No,Daily,Sometimes,Maybe,Yes,No,Not Important,Adjustable,No,Child time start whole process approach performance under.,1/2 tsp,1/2 tsp,1/4 tsp,N/A,N/A,More than 1 tsp,N/A,Perfect,Too Salty,Too Salty
lawrencedylan@liu-thompson.info,Paul Davidson,62,Female,No,Yes,Rarely,Never,No,Yes,Maybe,Not Important,Mobile App,No,Number individual seem against sense visit important small.,Perfect,1/4 tsp,Perfect,1/2 tsp,Too Bland,N/A,More than 1 tsp,Perfect,Too Bland,Perfect
lwatts@yahoo.com,William Graham,60,Male,No,No,Weekly,Never,No,Yes,No,Neutral,Voice Control,Yes,Lawyer pick history ability director.,1/2 tsp,Perfect,1/4 tsp,1/4 tsp,Perfect,More than 1 tsp,Too Bland,More than 1 tsp,N/A,1/4 tsp
robertcollins@jennings.biz,Daniel Ford,37,Male,No,Yes,Monthly,Always,Maybe,Maybe,Yes,Very Important,Voice Control,Yes,Under government give decade save western visit.,Perfect,Too Bland,N/A,N/A,Too Bland,More than 1 tsp,1/2 tsp,1/4 tsp,1/2 tsp,1/4 tsp
deborah95@yahoo.com,Lisa Williams,65,Other,Yes,Yes,Rarely,Sometimes,No,No,Maybe,Neutral,Voice Control,Yes,Work another the first move.,1/2 tsp,Too Bland,N/A,Perfect,More than 1 tsp,Perfect,1/2 tsp,More than 1 tsp,More than 1 tsp,Too Bland
austinleonard@young.com,William Perez,32,Male,Yes,No,Not applicable,Always,Maybe,Yes,Yes,Important,Voice Control,No,Whom break example guess nice send south feeling.,N/A,1/2 tsp,1/4 tsp,Perfect,1/2 tsp,1/4 tsp,Too Salty,Too Bland,Perfect,Too Salty
salastaylor@yahoo.com,Christie Johnson,37,Other,Yes,Yes,Weekly,Always,Maybe,Maybe,Yes,Very Important,Adjustable,No,Blue put world issue single cultural collection scientist party far.,More than 1 tsp,Perfect,1/2 tsp,N/A,1/2 tsp,More than 1 tsp,Perfect,Too Salty,Too Bland,Perfect
smithtammie@yahoo.com,Ashley Warren,53,Female,No,Yes,Weekly,Never,Yes,Yes,Yes,Neutral,Adjustable,Yes,Management real realize now theory effect age very alone partner sure.,More than 1 tsp,1/2 tsp,More than 1 tsp,Too Salty,More than 1 tsp,Too Salty,Too Salty,N/A,Perfect,1/2 tsp
rachelbrown@berry-molina.com,Jodi Johnson,62,Male,Yes,Yes,Monthly,Always,Maybe,Maybe,Yes,Neutral,Mobile App,Yes,Smile may small remember range morning city.,N/A,Perfect,1/2 tsp,Too Bland,1/4 tsp,N/A,Too Salty,N/A,1/4 tsp,1/2 tsp
danielsalazar@moore.net,Michael Cannon,48,Other,Yes,No,Weekly,Always,No,No,No,Very Important,Voice Control,Yes,Experience rate leave price join day agreement participant method answer.,1/4 tsp,Perfect,More than 1 tsp,1/2 tsp,N/A,N/A,More than 1 tsp,More than 1 tsp,Perfect,1/4 tsp
grantcurtis@white.info,Connie Hines,57,Other,No,No,Monthly,Never,Yes,Yes,Yes,Important,Adjustable,No,Price camera present mother prove interview shake stand use.,1/2 tsp,Perfect,Too Salty,Too Salty,Too Bland,Too Salty,Too Salty,1/2 tsp,1/2 tsp,1/2 tsp
brianrobinson@brooks.com,Tracy Berry,42,Other,Yes,No,Weekly,Sometimes,Yes,Maybe,Maybe,Important,Automated,No,Test size according talk.,Perfect,1/4 tsp,1/2 tsp,More than 1 tsp,More than 1 tsp,1/2 tsp,Too Bland,Too Bland,Too Salty,1/4 tsp
eileen23@martin.org,Shawn Mcgrath,57,Male,Yes,Yes,Daily,Sometimes,No,No,No,Important,Adjustable,No,Region always rich sport how gun.,1/4 tsp,More than 1 tsp,1/2 tsp,1/2 tsp,N/A,More than 1 tsp,Perfect,1/4 tsp,Perfect,N/A
peterpham@hotmail.com,Laura Torres,57,Other,No,No,Rarely,Sometimes,Yes,Maybe,Maybe,Neutral,Mobile App,Yes,Relate have ahead add sit program move.,Too Bland,More than 1 tsp,1/2 tsp,1/4 tsp,N/A,Too Bland,Perfect,Too Salty,Perfect,Too Salty
brandon53@yahoo.com,Kimberly Casey,55,Other,Yes,Yes,Monthly,Sometimes,Yes,Yes,No,Very Important,Mobile App,No,Able career pay how.,N/A,1/4 tsp,N/A,1/2 tsp,Perfect,1/2 tsp,Too Salty,More than 1 tsp,1/4 tsp,N/A
clang@hotmail.com,Joshua Jackson,20,Other,No,No,Daily,Sometimes,Maybe,Yes,Maybe,Not Important,Mobile App,Yes,Represent goal know nor than.,N/A,Too Salty,Too Salty,1/2 tsp,Too Salty,Too Bland,1/4 tsp,N/A,Perfect,Perfect
alexandersmith@nichols.com,Brandon Norman,32,Female,No,No,Daily,Always,Maybe,No,Yes,Neutral,Voice Control,Yes,Letter quite close ground effort difficult blood decade space.,Too Bland,Too Bland,N/A,N/A,More than 1 tsp,More than 1 tsp,Perfect,More than 1 tsp,Too Bland,Perfect
michaelphillips@hotmail.com,Alexandra Perez MD,36,Male,No,No,Daily,Never,No,No,No,Not Important,Voice Control,Yes,Tend include oil officer rate thing black.,N/A,More than 1 tsp,Too Salty,More than 1 tsp,Too Salty,N/A,Too Salty,1/4 tsp,Too Bland,1/4 tsp
frances71@parker.com,James Carter,45,Other,No,No,Monthly,Sometimes,Maybe,No,Yes,Not Important,Voice Control,No,Four board machine very choose manage buy never.,1/4 tsp,1/2 tsp,1/4 tsp,Too Bland,More than 1 tsp,1/4 tsp,Too Salty,Perfect,Too Bland,1/2 tsp
achavez@fuller.com,Kathryn Hayes,49,Female,No,Yes,Weekly,Sometimes,Yes,No,Maybe,Very Important,Adjustable,Yes,Plant his walk easy heavy expect under list stay.,N/A,1/2 tsp,Perfect,Too Bland,1/4 tsp,Perfect,Too Bland,N/A,N/A,Perfect
arnoldwilliam@watkins.biz,Andrew Ellis,64,Male,No,Yes,Weekly,Sometimes,No,Yes,Yes,Very Important,Automated,Yes,Next door skill room local ago international case.,Perfect,Too Salty,1/4 tsp,Perfect,N/A,1/2 tsp,More than 1 tsp,More than 1 tsp,Too Salty,Too Salty
jdawson@terry.org,Harold Murphy,47,Other,No,No,Not applicable,Always,No,Yes,No,Very Important,Voice Control,No,Civil not consumer white red space.,Perfect,1/2 tsp,Perfect,Too Bland,Too Bland,1/4 tsp,Too Bland,More than 1 tsp,1/2 tsp,Too Bland
wheeleremily@yahoo.com,Hailey Johnson,57,Female,Yes,Yes,Rarely,Never,Maybe,Yes,No,Very Important,Mobile App,Yes,Remain happy glass wait recognize least then.,N/A,Too Salty,N/A,Perfect,1/4 tsp,N/A,Too Salty,Perfect,Too Salty,Too Salty
longdustin@grant.com,Christie Clarke,32,Other,No,Yes,Rarely,Always,No,Maybe,Yes,Neutral,Simple UI,No,Husband live with figure change form much scene soldier.,Too Bland,1/2 tsp,N/A,Too Bland,Too Bland,Too Salty,Too Salty,Too Bland,Perfect,Perfect
nicholasreyes@wright.biz,Kimberly Griffith,48,Male,No,Yes,Daily,Never,No,Yes,Maybe,Very Important,Adjustable,No,Design finally charge television.,1/2 tsp,N/A,1/2 tsp,Perfect,Perfect,Perfect,Too Salty,Too Bland,1/2 tsp,Perfect
erichammond@gmail.com,Adam Taylor,51,Male,Yes,Yes,Not applicable,Always,No,Maybe,Yes,Not Important,Automated,No,Set goal middle boy product capital stock special season even.,Too Salty,N/A,1/4 tsp,Too Salty,N/A,Perfect,Too Salty,1/2 tsp,Too Bland,Too Bland
ncollins@clements.net,Jonathan Gray,47,Male,Yes,No,Weekly,Sometimes,No,Yes,No,Important,Simple UI,Yes,Interview bit himself cause throughout political yes throw.,More than 1 tsp,Perfect,Too Bland,Too Bland,N/A,1/4 tsp,Too Bland,N/A,Too Bland,Too Bland
lramsey@gmail.com,Katrina Myers,29,Male,No,No,Weekly,Always,No,Maybe,No,Very Important,Simple UI,No,Wait newspaper detail box foreign anyone per interesting.,1/2 tsp,More than 1 tsp,N/A,More than 1 tsp,Too Salty,N/A,Perfect,1/2 tsp,1/4 tsp,N/A
teresareeves@gmail.com,Mr. Joseph Bush,52,Female,No,Yes,Not applicable,Never,Maybe,Maybe,Yes,Neutral,Automated,Yes,Let surface tree throw health speak.,Too Bland,1/2 tsp,Too Salty,Too Bland,Perfect,Too Bland,1/4 tsp,Perfect,1/2 tsp,Too Bland
arianalong@wells.net,Larry Kline,46,Male,No,No,Monthly,Never,Maybe,No,Maybe,Important,Simple UI,No,Account who bill most figure cup avoid.,More than 1 tsp,More than 1 tsp,Too Bland,Too Bland,1/4 tsp,More than 1 tsp,More than 1 tsp,1/2 tsp,Too Salty,N/A
amy17@santos.net,Dawn Sullivan,54,Female,No,Yes,Weekly,Never,Yes,Maybe,Maybe,Important,Adjustable,Yes,Often house toward paper market west court.,Perfect,N/A,More than 1 tsp,Too Bland,Too Bland,Too Salty,Too Salty,1/4 tsp,1/4 tsp,1/2 tsp
longisaac@coffey.com,Amy Garcia,25,Female,No,Yes,Daily,Never,Yes,Maybe,Maybe,Very Important,Automated,Yes,Star treatment add when friend indeed.,1/2 tsp,Too Bland,Perfect,Too Bland,1/4 tsp,Perfect,More than 1 tsp,More than 1 tsp,Perfect,More than 1 tsp
michaelriggs@church.com,Phillip Duncan,51,Other,No,Yes,Weekly,Sometimes,Maybe,Maybe,Yes,Not Important,Automated,No,Your there develop live fact foot ask middle election usually general.,More than 1 tsp,Too Bland,1/4 tsp,Perfect,Too Bland,N/A,More than 1 tsp,1/4 tsp,Perfect,1/2 tsp
nicholascordova@peterson-nelson.com,Wanda Nelson,42,Male,Yes,No,Weekly,Sometimes,No,Maybe,No,Very Important,Mobile App,Yes,Particularly industry upon level not.,1/2 tsp,1/2 tsp,Perfect,1/2 tsp,More than 1 tsp,Too Salty,N/A,More than 1 tsp,N/A,Perfect
tmcmillan@vasquez.com,Stacy Smith,64,Male,Yes,No,Daily,Never,Maybe,Yes,Maybe,Very Important,Mobile App,Yes,Police reach three home grow small including task.,N/A,1/2 tsp,More than 1 tsp,N/A,More than 1 tsp,N/A,Too Bland,Too Salty,1/2 tsp,Too Bland
sarah35@davis-shepard.com,Christopher Frazier,62,Female,Yes,No,Rarely,Never,No,No,Maybe,Very Important,Voice Control,Yes,Age all clear response either base free.,Too Bland,N/A,1/2 tsp,1/4 tsp,Too Salty,Too Salty,N/A,1/2 tsp,1/4 tsp,N/A
nkeith@yahoo.com,Alexander Acosta,53,Female,No,No,Weekly,Sometimes,No,Maybe,No,Important,Mobile App,No,Season stay note drug little list rest school identify forget hear.,Too Bland,N/A,Too Bland,1/2 tsp,N/A,Perfect,Perfect,Too Bland,Too Salty,Too Bland
amy30@hotmail.com,Shawn Smith,50,Female,No,Yes,Monthly,Never,Maybe,Maybe,Maybe,Not Important,Adjustable,No,Yard role most ability identify.,More than 1 tsp,Too Bland,1/4 tsp,More than 1 tsp,N/A,Too Salty,1/4 tsp,Too Bland,1/4 tsp,N/A
david45@williams.com,Michelle Wade,65,Female,Yes,Yes,Rarely,Never,Yes,No,Yes,Not Important,Automated,No,Might sell once top draw level event region understand respond figure.,More than 1 tsp,Too Bland,Too Bland,N/A,Perfect,Too Salty,1/2 tsp,1/2 tsp,Too Salty,1/4 tsp
michele76@yahoo.com,Mary Daniels,35,Other,No,Yes,Daily,Sometimes,No,No,Maybe,Very Important,Voice Control,Yes,Once no similar indicate model front account whose history impact.,Perfect,Perfect,1/2 tsp,More than 1 tsp,Too Bland,Too Bland,1/4 tsp,More than 1 tsp,N/A,1/2 tsp
phillipgarza@yahoo.com,Brandon Jackson,43,Other,Yes,Yes,Daily,Always,Maybe,No,Yes,Very Important,Voice Control,No,Our capital which go likely foot back school.,Perfect,1/4 tsp,1/2 tsp,More than 1 tsp,Too Salty,1/4 tsp,1/2 tsp,More than 1 tsp,Perfect,N/A
joseavila@moran.biz,Jonathan Wallace,58,Female,Yes,No,Daily,Sometimes,Yes,No,Maybe,Very Important,Voice Control,No,Every alone behind seem high painting.,Perfect,N/A,Too Salty,1/2 tsp,N/A,1/4 tsp,1/4 tsp,1/4 tsp,N/A,Too Salty
fowlerstacie@hotmail.com,Stephanie Mason,55,Female,Yes,No,Daily,Never,No,Maybe,Maybe,Neutral,Mobile App,No,Respond church nature every hour fire either example simply have development.,N/A,More than 1 tsp,1/2 tsp,Too Bland,1/2 tsp,Too Salty,1/4 tsp,More than 1 tsp,1/2 tsp,N/A
qgarcia@torres.com,William Combs,31,Female,No,Yes,Daily,Never,Maybe,Maybe,Maybe,Very Important,Simple UI,Yes,Its least my present place decide enough evening.,1/4 tsp,More than 1 tsp,1/4 tsp,Perfect,1/4 tsp,N/A,N/A,More than 1 tsp,Perfect,Too Bland
fmcgee@hotmail.com,Kristina Merritt,50,Other,No,No,Not applicable,Sometimes,Maybe,Maybe,Yes,Neutral,Automated,Yes,Majority section man most suggest cell point role bill moment.,More than 1 tsp,Too Salty,N/A,N/A,More than 1 tsp,Perfect,Perfect,Perfect,Too Salty,1/2 tsp
hicksrobert@garcia.info,Nicole Shaffer,63,Female,No,Yes,Monthly,Never,Maybe,No,Yes,Very Important,Simple UI,Yes,Company though film result old wife other national bar.,Perfect,1/4 tsp,1/4 tsp,Too Bland,Perfect,N/A,Too Bland,More than 1 tsp,Perfect,More than 1 tsp
evansstephen@tucker.org,Kimberly Roman,38,Male,Yes,No,Monthly,Sometimes,Maybe,No,Yes,Neutral,Adjustable,Yes,My development story candidate next benefit animal do.,Too Salty,More than 1 tsp,Perfect,1/4 tsp,Too Bland,1/4 tsp,Too Bland,More than 1 tsp,Perfect,1/2 tsp
vvaughan@hicks.com,Thomas James,34,Male,Yes,No,Monthly,Never,Maybe,Maybe,Yes,Very Important,Automated,Yes,Art history region reflect usually college media.,N/A,1/4 tsp,Too Salty,Perfect,Too Bland,Too Salty,1/2 tsp,More than 1 tsp,Too Salty,Too Salty
moniquenorris@herrera.com,Angela Curtis,65,Male,Yes,Yes,Monthly,Sometimes,No,No,Yes,Very Important,Automated,Yes,Pressure manage cell factor security better.,Too Bland,N/A,More than 1 tsp,1/2 tsp,More than 1 tsp,1/4 tsp,N/A,1/2 tsp,1/4 tsp,1/2 tsp
melissadougherty@hotmail.com,Anita Lowe,58,Female,Yes,No,Monthly,Always,Yes,Maybe,Yes,Not Important,Adjustable,No,Once second about whether glass realize force.,N/A,More than 1 tsp,Too Salty,1/2 tsp,Perfect,1/2 tsp,Too Salty,1/2 tsp,More than 1 tsp,1/2 tsp
marie04@yahoo.com,Jerry May,29,Other,No,No,Daily,Always,Maybe,Maybe,Maybe,Neutral,Automated,No,Social window prepare difficult manager news only save director population.,Perfect,Too Salty,Perfect,1/2 tsp,Too Bland,1/2 tsp,1/4 tsp,1/4 tsp,Perfect,Too Bland
thays@king-conley.com,Maureen Wilson,46,Male,Yes,No,Not applicable,Never,Yes,Maybe,Maybe,Not Important,Simple UI,Yes,Water service sort including five.,More than 1 tsp,More than 1 tsp,More than 1 tsp,Too Salty,N/A,N/A,1/4 tsp,More than 1 tsp,1/2 tsp,1/4 tsp
umorrison@thompson.info,Amy Harris,45,Other,Yes,No,Rarely,Sometimes,Yes,Yes,No,Neutral,Voice Control,Yes,Hit hospital account star half major best particular.,Too Bland,Perfect,Too Bland,N/A,Too Bland,N/A,N/A,Too Bland,Too Salty,Perfect
hawkinskathleen@yahoo.com,Troy Tate,25,Male,No,No,Monthly,Sometimes,No,Maybe,Maybe,Very Important,Mobile App,No,Audience year wish nearly four recently still customer attack side why.,1/2 tsp,Too Bland,1/4 tsp,More than 1 tsp,1/4 tsp,Too Bland,Too Salty,Too Bland,Perfect,1/4 tsp
grantphilip@yahoo.com,Jimmy Riggs,25,Male,No,Yes,Daily,Never,Yes,Maybe,Maybe,Not Important,Adjustable,No,Affect mouth time wait family suffer choose score no painting food.,Perfect,1/2 tsp,Too Bland,More than 1 tsp,Too Bland,1/2 tsp,N/A,Perfect,1/2 tsp,N/A
heather02@hood.net,Cynthia Abbott,55,Female,Yes,Yes,Daily,Always,Yes,No,No,Not Important,Simple UI,No,Create herself pay draw us other can.,More than 1 tsp,1/2 tsp,1/4 tsp,Too Salty,N/A,1/2 tsp,1/2 tsp,N/A,1/4 tsp,N/A
adam13@gmail.com,William Edwards,59,Other,No,Yes,Monthly,Sometimes,Maybe,Maybe,No,Not Important,Mobile App,Yes,Stand decision office check degree standard sit before.,More than 1 tsp,Too Bland,Too Salty,1/4 tsp,Too Bland,1/4 tsp,1/4 tsp,1/4 tsp,More than 1 tsp,Too Bland
alan39@yahoo.com,Eric Alvarado,63,Other,No,Yes,Weekly,Never,No,No,Yes,Neutral,Voice Control,No,Agency others firm idea able when.,Too Bland,More than 1 tsp,More than 1 tsp,Too Bland,More than 1 tsp,Perfect,N/A,1/2 tsp,1/2 tsp,1/4 tsp
shepherdmargaret@dawson.com,Mrs. Rebecca Johnson,18,Male,No,No,Daily,Never,Yes,Yes,No,Very Important,Mobile App,No,Own rich create truth animal.,More than 1 tsp,Too Bland,Too Bland,Too Bland,Perfect,1/4 tsp,Too Salty,Too Salty,More than 1 tsp,Perfect
tcampbell@gmail.com,Alice Keller,35,Male,No,Yes,Not applicable,Always,No,Yes,Maybe,Important,Voice Control,No,We grow defense there debate feel produce reality carry.,Too Bland,Too Salty,Too Salty,Too Salty,More than 1 tsp,1/4 tsp,Perfect,Perfect,1/2 tsp,More than 1 tsp
elucas@morrow.com,Kenneth Burnett,26,Other,No,No,Not applicable,Never,Yes,Maybe,No,Important,Mobile App,Yes,Pretty technology newspaper action cultural official.,Too Salty,1/2 tsp,More than 1 tsp,N/A,Too Bland,Too Salty,1/4 tsp,More than 1 tsp,1/2 tsp,Too Bland
joshua16@gmail.com,Jesse Frey,26,Other,Yes,Yes,Not applicable,Sometimes,Maybe,No,Yes,Neutral,Adjustable,No,Effect call well door choose baby.,1/2 tsp,Too Bland,Too Bland,Too Bland,1/4 tsp,More than 1 tsp,1/2 tsp,Too Salty,N/A,1/4 tsp
bobbyrivera@orozco.com,Mr. Jordan Simpson,21,Male,No,No,Daily,Always,No,Maybe,Yes,Neutral,Voice Control,Yes,Push require contain work land after expert involve return begin let.,1/2 tsp,Perfect,Too Bland,Too Salty,Perfect,1/2 tsp,1/2 tsp,N/A,Perfect,1/4 tsp
crossdarryl@yahoo.com,Kendra Freeman,46,Other,No,Yes,Not applicable,Sometimes,Yes,Yes,Yes,Important,Automated,Yes,Reason us information far later decide.,More than 1 tsp,Perfect,1/2 tsp,Perfect,Too Salty,N/A,1/2 tsp,Too Salty,Perfect,Too Bland
zwatkins@johnson.biz,Renee Sweeney,54,Female,Yes,Yes,Not applicable,Always,No,Yes,Yes,Very Important,Automated,No,Similar company speech interview forward.,Too Bland,Too Bland,Too Salty,More than 1 tsp,Too Salty,N/A,1/2 tsp,More than 1 tsp,1/2 tsp,1/2 tsp
emartin@huynh.com,Cameron Simon,44,Female,No,Yes,Weekly,Sometimes,No,Yes,Yes,Not Important,Automated,No,Amount American light push someone time fill.,Too Salty,N/A,More than 1 tsp,1/4 tsp,1/4 tsp,Too Bland,Too Salty,More than 1 tsp,1/4 tsp,Too Salty
courtneyflores@ashley.com,Ian Holder,50,Female,No,Yes,Monthly,Sometimes,Maybe,Yes,Maybe,Not Important,Automated,No,While though especially three create sister admit.,N/A,1/4 tsp,1/4 tsp,N/A,Too Bland,Too Salty,More than 1 tsp,1/2 tsp,Too Salty,Perfect
dcarpenter@hotmail.com,Jessica Calderon,21,Male,Yes,No,Monthly,Always,Maybe,No,No,Neutral,Adjustable,No,Eight space improve mouth two.,1/2 tsp,1/2 tsp,Perfect,N/A,Too Bland,Perfect,1/2 tsp,1/2 tsp,1/2 tsp,Perfect
evaughan@walker-arnold.com,Stacy Price,48,Other,No,Yes,Daily,Sometimes,Yes,Maybe,Maybe,Very Important,Automated,No,Medical only meeting whose quite history agent election game much.,Perfect,N/A,Too Salty,Too Bland,1/2 tsp,N/A,More than 1 tsp,Perfect,Too Salty,Too Bland
ayerscassandra@gmail.com,Richard Garcia,24,Male,No,No,Monthly,Always,Yes,Maybe,No,Neutral,Simple UI,No,Might eight official its into kind film.,N/A,Too Salty,Perfect,1/2 tsp,N/A,1/2 tsp,N/A,Perfect,Too Bland,N/A
cameronbutler@hotmail.com,Anthony Coleman,20,Female,Yes,No,Not applicable,Never,Maybe,Yes,No,Neutral,Simple UI,Yes,Point police change left argue hope exactly a.,1/2 tsp,More than 1 tsp,More than 1 tsp,1/2 tsp,Too Bland,1/4 tsp,N/A,N/A,Too Salty,Perfect
millslindsey@yahoo.com,Michael Duncan,19,Female,Yes,Yes,Weekly,Sometimes,Yes,No,Yes,Very Important,Mobile App,Yes,Across light necessary action speech respond.,Perfect,1/4 tsp,Too Bland,1/4 tsp,Too Salty,1/4 tsp,Too Bland,1/2 tsp,Too Bland,Perfect
lopeztimothy@buckley.com,Michael Walls,39,Other,Yes,Yes,Weekly,Sometimes,Yes,Maybe,Yes,Neutral,Mobile App,Yes,News condition century political exactly budget sell hope.,Perfect,Too Salty,1/2 tsp,N/A,N/A,Too Bland,N/A,N/A,Too Bland,Perfect
ttucker@yahoo.com,Roberta Hernandez,57,Female,Yes,No,Monthly,Never,Maybe,No,Maybe,Not Important,Adjustable,Yes,Manager former design mind treat indicate success.,More than 1 tsp,More than 1 tsp,1/4 tsp,More than 1 tsp,1/4 tsp,N/A,1/2 tsp,Perfect,N/A,Perfect
christopherkim@yahoo.com,Paul Johnson,41,Male,Yes,No,Rarely,Always,No,No,No,Important,Mobile App,Yes,Lawyer ready cold cost two authority partner sound.,More than 1 tsp,Perfect,1/4 tsp,1/2 tsp,More than 1 tsp,More than 1 tsp,Too Salty,More than 1 tsp,Perfect,1/2 tsp
jackmathews@yahoo.com,Katie Jacobs,42,Other,Yes,No,Not applicable,Sometimes,Maybe,Maybe,Yes,Very Important,Mobile App,Yes,Every heart night expert.,1/2 tsp,More than 1 tsp,1/4 tsp,1/2 tsp,Perfect,1/4 tsp,1/4 tsp,N/A,Perfect,Too Bland
laura99@gmail.com,Eddie Brewer,45,Female,No,Yes,Weekly,Never,Yes,Yes,Maybe,Very Important,Automated,No,Look skin Congress eight age film great.,Too Salty,1/4 tsp,N/A,1/2 tsp,1/4 tsp,Perfect,Too Salty,Too Bland,Too Salty,Too Bland
igilmore@yahoo.com,Jennifer Miller,28,Male,Yes,No,Rarely,Sometimes,No,No,Yes,Very Important,Adjustable,Yes,Themselves direction hear seat now possible structure fall.,Perfect,Too Bland,1/4 tsp,Perfect,N/A,Perfect,N/A,N/A,1/2 tsp,N/A
mikewillis@williams-hall.org,Michelle Williams PhD,26,Male,No,Yes,Monthly,Never,Yes,No,No,Important,Automated,No,Ability us teacher agree or quite enough these card.,1/4 tsp,Too Bland,1/2 tsp,1/2 tsp,1/2 tsp,Too Salty,1/2 tsp,Too Bland,Perfect,Perfect
wcarter@phillips.net,Michael Barron,60,Male,Yes,No,Daily,Always,Yes,Yes,Yes,Neutral,Adjustable,Yes,Director term summer between.,1/4 tsp,Perfect,1/4 tsp,N/A,Perfect,Too Salty,1/2 tsp,1/2 tsp,1/4 tsp,Perfect
jaime96@hamilton.org,Andrew Branch,35,Other,Yes,Yes,Weekly,Always,No,No,Maybe,Important,Voice Control,No,Consumer Mrs its both ask bill song.,Perfect,Perfect,1/4 tsp,Perfect,1/2 tsp,1/2 tsp,Too Salty,Perfect,Too Bland,Too Bland
nowen@yahoo.com,Scott Hull,28,Other,No,Yes,Weekly,Never,Maybe,No,Maybe,Very Important,Simple UI,No,Agreement work couple senior together yes south doctor within.,Perfect,Perfect,N/A,Too Salty,Too Salty,More than 1 tsp,Too Salty,1/4 tsp,1/4 tsp,More than 1 tsp
teresamay@hotmail.com,Karen Rodgers,31,Female,No,Yes,Monthly,Always,No,Yes,No,Not Important,Simple UI,Yes,Team night able personal cause meet challenge finally.,N/A,1/2 tsp,Perfect,Too Bland,N/A,1/4 tsp,Too Bland,1/2 tsp,1/2 tsp,1/4 tsp
donald85@wilson-patterson.net,Garrett Hines,20,Female,Yes,No,Not applicable,Always,Maybe,Yes,No,Neutral,Automated,Yes,Visit dark risk value customer maybe very.,N/A,Too Bland,Perfect,Perfect,1/4 tsp,N/A,Perfect,Too Salty,1/4 tsp,Too Salty
mjones@patel-morgan.com,Caitlyn Davis,42,Other,No,No,Daily,Never,No,No,No,Neutral,Voice Control,No,Red south size couple everyone more expect turn.,Too Bland,Too Salty,N/A,1/2 tsp,Too Salty,Too Salty,Too Salty,Too Bland,Too Salty,Too Bland
gutierrezmaria@hotmail.com,Robert Sandoval,20,Other,No,Yes,Weekly,Always,No,No,Yes,Important,Mobile App,Yes,Relate give could difference.,More than 1 tsp,N/A,Too Bland,1/2 tsp,1/2 tsp,1/4 tsp,Too Salty,Too Bland,Perfect,Perfect
wrightangela@yahoo.com,Brittany Lewis,55,Other,No,No,Weekly,Never,Yes,Maybe,No,Not Important,Adjustable,Yes,Establish side even box deal.,N/A,N/A,Perfect,N/A,N/A,1/4 tsp,1/4 tsp,Perfect,N/A,Perfect
michael48@hotmail.com,Alicia Hunter,40,Other,No,No,Not applicable,Sometimes,Maybe,Yes,Maybe,Neutral,Mobile App,Yes,Wrong window likely right grow peace you staff necessary.,Too Salty,Perfect,Too Salty,1/2 tsp,Too Bland,N/A,Too Salty,Perfect,1/4 tsp,Perfect
tamarastein@yahoo.com,Terry Bishop,30,Male,No,No,Daily,Sometimes,Yes,No,No,Very Important,Simple UI,Yes,Say student size power wide from staff school return live.,Too Bland,Too Salty,Perfect,Too Salty,Too Bland,More than 1 tsp,1/2 tsp,1/4 tsp,Too Salty,More than 1 tsp
orobinson@hotmail.com,Karen Thomas,56,Other,No,No,Not applicable,Always,Yes,No,Maybe,Neutral,Voice Control,No,Herself as identify feel nearly.,Too Bland,Perfect,1/2 tsp,More than 1 tsp,Perfect,Too Bland,1/4 tsp,Perfect,Perfect,1/4 tsp
petersonmark@gmail.com,Brittany Hartman,32,Other,No,No,Rarely,Never,No,No,Maybe,Neutral,Voice Control,Yes,Ground mother risk half safe hear six seven.,1/4 tsp,N/A,Perfect,1/2 tsp,Too Bland,Too Salty,N/A,N/A,1/4 tsp,Perfect
ayoung@white.com,Ashley Alvarado,18,Female,No,No,Daily,Sometimes,Maybe,Maybe,No,Neutral,Automated,Yes,Why eat from people.,Perfect,Too Bland,1/2 tsp,1/4 tsp,1/2 tsp,1/4 tsp,N/A,Too Bland,N/A,Too Bland
joshua46@gmail.com,Tracie Arias,59,Female,Yes,Yes,Rarely,Sometimes,Maybe,Maybe,Yes,Important,Mobile App,No,Let than about resource.,More than 1 tsp,Too Bland,1/4 tsp,1/4 tsp,Too Salty,Perfect,Too Bland,Too Bland,Too Bland,More than 1 tsp
madisonbryant@yahoo.com,Gabriel Cummings,43,Other,Yes,No,Daily,Never,No,Maybe,No,Important,Adjustable,Yes,Leader nice number matter reach brother property product share.,N/A,1/4 tsp,Perfect,1/4 tsp,1/4 tsp,More than 1 tsp,1/4 tsp,1/2 tsp,N/A,1/4 tsp
briana77@martinez.com,Mackenzie Bell,19,Female,Yes,No,Rarely,Always,No,Maybe,Maybe,Not Important,Adjustable,No,Class wonder believe size help marriage.,More than 1 tsp,More than 1 tsp,Too Salty,More than 1 tsp,Perfect,Too Bland,Too Salty,Too Bland,Perfect,More than 1 tsp
melinda89@lozano.com,Dawn Johnson,24,Female,Yes,No,Weekly,Always,Maybe,No,No,Not Important,Automated,Yes,What end health lead.,Too Salty,Perfect,Perfect,More than 1 tsp,Perfect,More than 1 tsp,1/2 tsp,1/4 tsp,Too Bland,1/4 tsp
katherineharris@thomas.com,Travis Brooks,18,Male,Yes,Yes,Weekly,Sometimes,No,No,No,Neutral,Adjustable,No,Paper beat toward agreement share food number add soldier possible.,1/4 tsp,Perfect,N/A,Too Bland,Too Salty,More than 1 tsp,More than 1 tsp,1/4 tsp,Perfect,1/4 tsp
djohnson@hotmail.com,Matthew Salazar,43,Female,Yes,No,Rarely,Never,Yes,Yes,Yes,Not Important,Automated,Yes,Agency thing cut guy answer us.,1/4 tsp,1/4 tsp,Too Bland,1/2 tsp,More than 1 tsp,N/A,Too Bland,N/A,1/2 tsp,Perfect
nbrown@flores-taylor.org,Teresa Bruce,43,Male,Yes,No,Not applicable,Sometimes,No,Yes,Yes,Important,Adjustable,Yes,Book food project item any huge visit person then.,1/4 tsp,1/2 tsp,1/4 tsp,Perfect,Perfect,Too Salty,1/2 tsp,N/A,1/4 tsp,N/A
floresbrandy@flowers.com,Kenneth Rodriguez,53,Other,No,No,Not applicable,Sometimes,Maybe,Maybe,Yes,Not Important,Mobile App,No,Into hold same floor director live before.,N/A,Too Salty,More than 1 tsp,Too Salty,N/A,N/A,N/A,More than 1 tsp,N/A,Perfect
poolewhitney@johnson.com,Adam Morris,45,Other,Yes,Yes,Monthly,Always,Yes,Yes,No,Not Important,Mobile App,No,Friend more get history music capital seven.,Perfect,More than 1 tsp,Perfect,More than 1 tsp,Perfect,N/A,Perfect,1/4 tsp,Too Salty,Too Bland
coffeymatthew@yahoo.com,Richard Shea,48,Male,Yes,No,Not applicable,Always,Maybe,No,Maybe,Neutral,Simple UI,No,Break though home condition city.,1/4 tsp,Too Bland,1/2 tsp,More than 1 tsp,Too Salty,More than 1 tsp,Too Bland,1/2 tsp,1/4 tsp,More than 1 tsp
gfigueroa@gmail.com,John Sullivan,47,Male,No,Yes,Rarely,Sometimes,Yes,Yes,Maybe,Neutral,Adjustable,No,Office move stage forward half hand.,Too Salty,Too Bland,1/4 tsp,Perfect,N/A,Too Salty,More than 1 tsp,Too Bland,1/2 tsp,1/2 tsp
gsullivan@yahoo.com,Tyler Davis,49,Female,Yes,No,Rarely,Always,Yes,Yes,No,Important,Voice Control,Yes,Through over our several.,1/4 tsp,N/A,Perfect,1/4 tsp,Too Salty,1/2 tsp,More than 1 tsp,N/A,More than 1 tsp,Perfect
ithomas@smith-velasquez.com,Gina Taylor,40,Male,No,Yes,Monthly,Always,Maybe,No,Maybe,Important,Automated,No,Local hope development defense challenge pressure example mission.,N/A,Perfect,Too Bland,Too Bland,Perfect,1/2 tsp,Too Salty,1/2 tsp,More than 1 tsp,N/A
aevans@nolan.com,Jose Taylor,62,Other,Yes,No,Weekly,Sometimes,Yes,Yes,Yes,Not Important,Adjustable,No,Language mother response lead sound per.,Too Bland,1/4 tsp,Too Bland,N/A,N/A,N/A,More than 1 tsp,1/4 tsp,N/A,More than 1 tsp
melissavega@hotmail.com,Michael Mitchell,38,Other,Yes,Yes,Daily,Always,Maybe,No,Maybe,Neutral,Adjustable,No,Partner relate six place.,N/A,More than 1 tsp,1/4 tsp,Perfect,More than 1 tsp,Too Salty,More than 1 tsp,Perfect,More than 1 tsp,More than 1 tsp
donnabrooks@hotmail.com,Ryan Smith,31,Female,No,No,Monthly,Never,Maybe,Yes,Yes,Very Important,Mobile App,No,It nearly peace same type.,1/2 tsp,Too Salty,Perfect,Too Salty,1/2 tsp,1/4 tsp,1/2 tsp,1/2 tsp,Perfect,More than 1 tsp
pali@hotmail.com,Stanley Buchanan,65,Other,Yes,Yes,Daily,Never,No,No,No,Neutral,Voice Control,No,Fall parent deal than identify.,1/4 tsp,Perfect,Too Bland,Too Salty,N/A,1/2 tsp,1/2 tsp,Perfect,Too Bland,1/4 tsp
ccowan@gmail.com,Kim Bradford,36,Male,No,No,Rarely,Always,Yes,Maybe,No,Not Important,Simple UI,No,Eat else word account argue night partner.,Too Salty,Too Salty,Too Salty,N/A,More than 1 tsp,Too Bland,1/4 tsp,1/2 tsp,1/4 tsp,N/A
jonathan19@yahoo.com,Teresa Nguyen,33,Male,Yes,No,Daily,Sometimes,No,Yes,Yes,Neutral,Mobile App,Yes,Dark thought reveal reduce piece arrive challenge generation dream.,Too Salty,1/2 tsp,1/4 tsp,Too Salty,Perfect,Too Salty,Too Salty,More than 1 tsp,Too Salty,Perfect
nicolemurphy@lawson.com,Patrick Kerr,57,Female,No,Yes,Daily,Never,Yes,Maybe,No,Important,Automated,Yes,Own when score provide six quality stay vote instead.,Perfect,Too Salty,1/4 tsp,Too Salty,Too Bland,More than 1 tsp,N/A,Too Bland,More than 1 tsp,Too Salty
ushort@hotmail.com,Jessica Knox,33,Male,Yes,Yes,Daily,Always,No,Maybe,Yes,Very Important,Voice Control,Yes,Strategy left wrong glass half live continue rich.,Perfect,1/2 tsp,N/A,1/4 tsp,N/A,1/4 tsp,1/4 tsp,1/2 tsp,Perfect,More than 1 tsp
jacquelineperry@woodward.info,Ryan Ramos,54,Female,Yes,No,Daily,Always,No,Yes,Maybe,Neutral,Mobile App,Yes,Big protect into throw phone.,1/2 tsp,N/A,1/4 tsp,Too Salty,1/2 tsp,Too Salty,Perfect,Too Salty,Too Bland,Perfect
thomas93@moran-graham.com,Michael Norman,22,Other,Yes,No,Not applicable,Never,No,No,Yes,Very Important,Simple UI,Yes,May court everything anyone community.,Too Salty,More than 1 tsp,1/4 tsp,Too Bland,1/2 tsp,Perfect,N/A,Too Salty,Perfect,1/2 tsp
benjaminwade@rogers.com,Jonathan Drake,18,Other,Yes,Yes,Weekly,Never,Maybe,No,No,Very Important,Automated,Yes,Force bill entire field.,1/2 tsp,N/A,Too Bland,Too Bland,1/4 tsp,N/A,1/4 tsp,Too Salty,N/A,Too Salty
justinolson@moreno.com,Stephanie Smith,31,Female,No,Yes,Not applicable,Sometimes,Maybe,Yes,No,Very Important,Simple UI,Yes,Try woman avoid simple though nature turn shake method president.,More than 1 tsp,1/2 tsp,1/2 tsp,Perfect,Too Salty,1/4 tsp,Too Bland,Perfect,Perfect,Perfect
ricardo76@cline.info,Kim Clements,48,Other,No,Yes,Monthly,Sometimes,No,Maybe,Yes,Very Important,Adjustable,No,Property employee often agree news eat television us.,N/A,Perfect,1/4 tsp,N/A,1/2 tsp,Too Bland,1/4 tsp,Too Salty,Too Salty,More than 1 tsp
egreen@farrell.com,Jason Jackson,56,Other,Yes,No,Rarely,Never,Yes,Yes,Yes,Important,Mobile App,Yes,Each rich edge a tax this sister term truth investment likely.,Too Bland,Too Salty,Too Bland,Too Bland,N/A,Too Bland,Too Bland,Too Salty,N/A,N/A
arnoldmalik@hotmail.com,Katie Gilbert,18,Other,Yes,No,Not applicable,Always,No,Yes,Maybe,Very Important,Automated,Yes,One build war career smile charge pretty laugh.,1/4 tsp,N/A,N/A,Too Salty,Perfect,More than 1 tsp,N/A,N/A,Too Salty,1/4 tsp
ryanlopez@middleton-faulkner.com,George Suarez,46,Other,No,Yes,Daily,Never,Maybe,No,No,Important,Mobile App,Yes,Number whatever develop high nor central answer first arm.,1/4 tsp,Perfect,Perfect,Perfect,N/A,More than 1 tsp,Too Bland,Too Bland,1/2 tsp,Too Salty
elizabethhatfield@gmail.com,Brittney Smith,19,Female,No,No,Monthly,Sometimes,Maybe,No,Maybe,Not Important,Automated,Yes,Right bar instead born third nothing drop same small start our.,1/4 tsp,1/4 tsp,Too Salty,Too Salty,More than 1 tsp,Too Salty,N/A,1/4 tsp,1/4 tsp,Perfect
marycook@lee.biz,Martin Barajas,56,Female,No,Yes,Rarely,Always,Yes,Maybe,Maybe,Not Important,Simple UI,No,Who official Mrs water capital owner place along us.,Too Bland,1/2 tsp,1/4 tsp,1/4 tsp,Too Bland,Too Bland,Too Bland,N/A,1/2 tsp,More than 1 tsp
qhoover@klein.com,Craig Wilkinson,60,Other,No,No,Not applicable,Sometimes,Yes,Yes,No,Very Important,Voice Control,Yes,Election site daughter our very charge garden crime draw he.,N/A,N/A,N/A,Too Bland,1/2 tsp,1/2 tsp,Too Salty,N/A,More than 1 tsp,More than 1 tsp
arivera@wade.com,Katelyn Thomas,37,Male,Yes,No,Daily,Sometimes,Maybe,No,Maybe,Neutral,Adjustable,Yes,Short whole social stuff plant field number.,1/4 tsp,1/4 tsp,Too Bland,1/2 tsp,1/2 tsp,More than 1 tsp,Too Salty,1/2 tsp,More than 1 tsp,Too Bland
bjones@hotmail.com,Shannon Carroll,21,Female,No,Yes,Weekly,Sometimes,Yes,No,No,Neutral,Adjustable,No,Way drive air writer kind just statement.,Too Salty,Perfect,Too Bland,Too Salty,Perfect,Too Bland,N/A,Too Bland,Perfect,1/2 tsp
woodsandra@hotmail.com,Katherine Thompson,53,Other,No,No,Rarely,Never,Yes,Yes,Yes,Not Important,Simple UI,No,Life voice clear phone whatever each nearly mission seek.,N/A,Too Bland,N/A,Too Bland,Perfect,Too Salty,Too Salty,1/4 tsp,Too Bland,Perfect
gomezralph@gmail.com,Alfred Hurley,57,Female,Yes,No,Daily,Sometimes,Maybe,Maybe,Maybe,Not Important,Simple UI,Yes,Truth end industry imagine food bit member full.,N/A,Perfect,Too Salty,Too Salty,Too Salty,More than 1 tsp,Too Bland,Too Salty,1/4 tsp,1/4 tsp
wilsonraymond@hotmail.com,Keith Saunders,42,Male,No,Yes,Rarely,Never,No,Yes,Maybe,Very Important,Voice Control,Yes,Newspaper myself case bit page officer sing would.,1/4 tsp,Too Bland,Perfect,Too Salty,Perfect,N/A,1/2 tsp,Perfect,More than 1 tsp,N/A
jenniferhoward@cox.info,Rebecca Peterson,20,Other,No,Yes,Weekly,Sometimes,Maybe,Maybe,Yes,Important,Automated,No,Present her bed beyond poor cover single same indeed almost quickly.,Too Salty,N/A,N/A,Perfect,Too Salty,1/4 tsp,1/2 tsp,Too Bland,1/2 tsp,N/A
patelsteven@yahoo.com,Jessica Liu,28,Other,No,No,Weekly,Sometimes,Yes,Maybe,Yes,Not Important,Simple UI,Yes,Party really important purpose suddenly.,N/A,Perfect,More than 1 tsp,N/A,1/2 tsp,Too Bland,1/4 tsp,Too Bland,Too Salty,1/4 tsp
stephen68@gmail.com,Brian Peterson,56,Male,Yes,Yes,Weekly,Always,Maybe,Maybe,Maybe,Important,Adjustable,Yes,High talk who per husband foot base their.,1/4 tsp,Too Bland,N/A,N/A,N/A,Perfect,N/A,1/2 tsp,More than 1 tsp,Perfect
connor85@hotmail.com,Angel Schroeder,45,Female,No,Yes,Weekly,Sometimes,Maybe,Maybe,Yes,Important,Automated,Yes,Attorney population likely easy expect money organization degree.,1/4 tsp,Too Bland,1/4 tsp,1/2 tsp,N/A,1/2 tsp,1/2 tsp,Too Salty,1/4 tsp,1/4 tsp
fwallace@gmail.com,Kyle Crane,19,Female,Yes,Yes,Rarely,Always,No,Maybe,Maybe,Important,Simple UI,No,Fear across age wish hour black.,More than 1 tsp,N/A,Too Salty,N/A,Perfect,Too Bland,1/2 tsp,More than 1 tsp,Too Bland,1/4 tsp
lance62@yahoo.com,Shannon Burnett,30,Female,No,No,Monthly,Sometimes,No,Maybe,Yes,Not Important,Voice Control,Yes,How physical father idea enter itself ask little have garden.,1/4 tsp,Too Salty,More than 1 tsp,1/2 tsp,N/A,1/4 tsp,N/A,1/4 tsp,More than 1 tsp,More than 1 tsp
sheilahernandez@hotmail.com,Marcia Rodgers,28,Male,No,Yes,Monthly,Sometimes,No,No,Yes,Very Important,Mobile App,Yes,Positive bank world morning stock recognize really training notice authority.,Too Salty,More than 1 tsp,1/2 tsp,Too Bland,Perfect,1/4 tsp,1/2 tsp,1/2 tsp,More than 1 tsp,More than 1 tsp
morameredith@chavez.com,Michael Brown,28,Female,Yes,Yes,Weekly,Sometimes,Yes,No,Yes,Very Important,Voice Control,No,The think force character so keep evening could protect ahead.,N/A,Too Salty,Perfect,1/4 tsp,Perfect,1/2 tsp,Too Bland,1/2 tsp,1/4 tsp,Perfect
simpsonjohn@little.com,Ana Mitchell,44,Other,No,No,Not applicable,Sometimes,Yes,Yes,Yes,Important,Mobile App,No,Course baby believe defense show research put.,More than 1 tsp,More than 1 tsp,1/2 tsp,Too Salty,1/4 tsp,N/A,1/2 tsp,Perfect,1/4 tsp,1/4 tsp
shelia75@blankenship-norton.net,Joshua Hicks,31,Male,Yes,No,Rarely,Always,Maybe,Maybe,Maybe,Neutral,Adjustable,No,Measure rest man must why relationship baby performance office.,1/2 tsp,Perfect,N/A,N/A,1/4 tsp,N/A,More than 1 tsp,1/2 tsp,Perfect,More than 1 tsp
morsepeter@harrington.info,Haley Johnson,58,Other,Yes,Yes,Rarely,Sometimes,Maybe,No,Yes,Not Important,Simple UI,No,Candidate majority hair language employee phone us continue policy meeting.,More than 1 tsp,More than 1 tsp,1/2 tsp,1/2 tsp,1/4 tsp,Too Bland,Too Salty,More than 1 tsp,More than 1 tsp,1/2 tsp
emilymyers@smith-berry.com,Emily Walter,33,Male,Yes,No,Weekly,Always,Yes,Maybe,Maybe,Not Important,Mobile App,No,Local hand list mind least white bill.,1/2 tsp,N/A,N/A,Too Bland,1/4 tsp,N/A,1/4 tsp,Perfect,1/4 tsp,More than 1 tsp
gonzalezmario@jones.biz,Sara Gonzalez,61,Female,No,Yes,Monthly,Sometimes,Maybe,No,Maybe,Not Important,Adjustable,Yes,International remember pull environmental card.,Perfect,Too Bland,1/2 tsp,Too Bland,Perfect,More than 1 tsp,More than 1 tsp,Too Salty,Perfect,1/4 tsp
herringjeremiah@hill.com,Ashley Allen,59,Male,Yes,No,Daily,Always,Yes,No,Yes,Important,Mobile App,Yes,Order action card certainly.,1/4 tsp,1/2 tsp,Too Salty,Too Bland,More than 1 tsp,Perfect,1/4 tsp,1/2 tsp,Too Bland,N/A
mitchellcorey@gmail.com,Jordan Gilbert,60,Other,Yes,No,Weekly,Always,Yes,No,Maybe,Very Important,Automated,No,Finally station road collection bag they.,Too Salty,Too Salty,1/2 tsp,Too Bland,More than 1 tsp,N/A,More than 1 tsp,Too Bland,Too Bland,1/2 tsp
langkeith@bass-hickman.info,Bryan Chavez,30,Other,No,No,Not applicable,Sometimes,Maybe,Maybe,Yes,Important,Voice Control,No,Remember daughter enough finish board machine couple campaign.,1/4 tsp,N/A,N/A,Perfect,Too Bland,1/2 tsp,N/A,Too Bland,More than 1 tsp,N/A
harriselizabeth@jefferson-reyes.com,Edward King,31,Male,No,No,Monthly,Always,No,Maybe,Yes,Important,Simple UI,No,Stuff as security chair whole course.,Too Salty,N/A,More than 1 tsp,Perfect,Perfect,1/4 tsp,More than 1 tsp,1/4 tsp,Perfect,1/2 tsp
wreyes@yahoo.com,Susan Anderson,54,Male,Yes,Yes,Monthly,Always,No,Maybe,No,Important,Mobile App,No,Than window carry attorney main market compare determine action high.,1/4 tsp,N/A,1/4 tsp,More than 1 tsp,1/2 tsp,N/A,Too Salty,1/2 tsp,Too Bland,N/A
hutchinsonandrea@shelton-arias.com,Andrew Norris,54,Male,No,No,Rarely,Sometimes,No,Maybe,No,Neutral,Voice Control,Yes,Guy nice else need radio college because want.,1/2 tsp,Too Bland,Too Salty,1/4 tsp,More than 1 tsp,1/2 tsp,N/A,N/A,Too Salty,N/A
dweaver@edwards-lopez.org,Erin Brown,54,Female,Yes,Yes,Daily,Always,Yes,Yes,No,Not Important,Voice Control,Yes,Window anyone popular short lose say who ground drug.,Perfect,Perfect,Too Salty,Too Salty,Too Bland,1/2 tsp,More than 1 tsp,Perfect,Perfect,N/A
igarcia@guzman.biz,Christopher Medina,34,Male,Yes,Yes,Rarely,Never,Yes,Yes,Maybe,Very Important,Automated,No,Day wide late growth exist.,Too Salty,1/2 tsp,Too Salty,Too Bland,N/A,More than 1 tsp,1/2 tsp,Too Salty,1/2 tsp,N/A
ctaylor@yahoo.com,Sabrina Martinez,41,Male,Yes,No,Rarely,Always,Maybe,Maybe,Yes,Not Important,Simple UI,Yes,Speech product year build quite operation stock.,Perfect,N/A,Perfect,1/4 tsp,1/2 tsp,N/A,Too Bland,Too Bland,N/A,Perfect
rebeccapoole@lewis.com,Jason Johnson,29,Female,Yes,Yes,Rarely,Never,Maybe,No,Yes,Not Important,Automated,No,Reason set everything us than general.,Too Salty,N/A,Too Salty,Too Salty,Too Bland,Perfect,1/4 tsp,1/4 tsp,Too Bland,Too Salty
ccase@yahoo.com,Joel Frazier,20,Female,No,No,Weekly,Sometimes,Yes,Maybe,Yes,Neutral,Voice Control,No,Either wrong development future ahead production environment maybe raise determine.,1/4 tsp,1/4 tsp,1/2 tsp,1/4 tsp,N/A,1/4 tsp,1/4 tsp,Too Salty,More than 1 tsp,Too Salty
hopkinslauren@gmail.com,Amy Haynes,39,Male,Yes,Yes,Rarely,Sometimes,Yes,No,No,Not Important,Simple UI,No,Account become subject language actually society decade pattern.,Perfect,Too Bland,Too Salty,1/4 tsp,Too Bland,1/4 tsp,Too Bland,Too Salty,More than 1 tsp,More than 1 tsp
owilliams@le.com,Susan Marquez,38,Female,Yes,Yes,Weekly,Always,Yes,Maybe,No,Very Important,Automated,Yes,Him medical court test reach admit.,1/2 tsp,More than 1 tsp,1/2 tsp,Too Bland,Too Bland,Perfect,1/2 tsp,More than 1 tsp,Too Bland,1/4 tsp
frankelliott@hotmail.com,Anthony Harvey,32,Female,No,Yes,Monthly,Always,Maybe,Yes,Maybe,Neutral,Simple UI,No,Improve notice you fire.,1/2 tsp,N/A,More than 1 tsp,N/A,Too Salty,1/4 tsp,Too Bland,1/4 tsp,Too Bland,Too Salty
zcruz@hotmail.com,Anita Dalton,19,Male,No,Yes,Rarely,Always,Yes,Maybe,Yes,Important,Voice Control,Yes,Deal picture building thought allow president us hot.,Too Salty,More than 1 tsp,Too Bland,Too Salty,N/A,Perfect,Too Bland,1/4 tsp,Perfect,1/2 tsp
matthewdavid@yahoo.com,Michele Swanson,26,Female,No,Yes,Rarely,Always,Yes,Yes,Yes,Important,Adjustable,Yes,Important avoid season part not understand before century church information.,More than 1 tsp,1/4 tsp,1/2 tsp,More than 1 tsp,1/4 tsp,1/2 tsp,Perfect,Too Bland,N/A,N/A
kristin23@hotmail.com,Jesus Johnson,63,Male,Yes,No,Monthly,Never,Maybe,Maybe,No,Not Important,Adjustable,No,Former star anyone court structure town step be check.,Too Bland,1/4 tsp,Perfect,More than 1 tsp,Too Bland,1/2 tsp,1/2 tsp,More than 1 tsp,More than 1 tsp,More than 1 tsp
kimcampbell@reed-harding.com,Colleen Acosta,33,Female,Yes,Yes,Monthly,Never,Yes,Maybe,No,Not Important,Automated,No,Both many animal rate most themselves down.,Too Salty,1/4 tsp,N/A,Too Salty,Too Bland,Too Bland,Too Bland,More than 1 tsp,More than 1 tsp,N/A
williamsmichael@curtis-griffin.com,Karen Sanchez,50,Other,No,Yes,Weekly,Sometimes,Yes,Maybe,Yes,Neutral,Adjustable,Yes,Simple others yet through why instead increase term in take.,1/4 tsp,More than 1 tsp,Too Bland,More than 1 tsp,Perfect,Too Salty,More than 1 tsp,1/4 tsp,N/A,Too Salty
stacy37@brown.com,Brooke Rodriguez,41,Other,No,No,Daily,Sometimes,No,Maybe,Maybe,Not Important,Adjustable,Yes,Test wonder last maintain rise middle money.,1/2 tsp,1/4 tsp,More than 1 tsp,Perfect,Too Bland,Perfect,1/4 tsp,N/A,N/A,N/A
fhayes@wong.com,Robin Stewart,56,Male,No,No,Rarely,Never,Maybe,Maybe,No,Very Important,Simple UI,Yes,Effort poor indicate surface leg police per tax bit.,N/A,Perfect,Too Bland,Perfect,Too Bland,Too Bland,Too Salty,Too Salty,Too Salty,Too Salty
garnerbrian@yahoo.com,Crystal Nelson,32,Female,Yes,Yes,Not applicable,Always,No,Maybe,Maybe,Not Important,Automated,Yes,World party cause safe management save should edge.,Perfect,More than 1 tsp,Too Salty,Too Salty,Too Salty,N/A,N/A,1/4 tsp,Too Bland,1/2 tsp
ebyrd@brown-gilbert.org,Jeffery Saunders,59,Female,No,No,Rarely,Always,Maybe,Maybe,Maybe,Very Important,Automated,Yes,Citizen room evidence area change ability hotel TV argue instead.,1/2 tsp,1/4 tsp,1/4 tsp,Too Salty,More than 1 tsp,1/4 tsp,Too Bland,Too Salty,Too Bland,N/A
wagnerdan@yahoo.com,Benjamin Ramirez,25,Other,Yes,No,Weekly,Sometimes,Yes,No,Yes,Not Important,Voice Control,No,Wall improve significant time you.,1/2 tsp,Too Bland,Too Salty,Perfect,1/2 tsp,N/A,Perfect,Too Salty,1/4 tsp,N/A
christopher55@gmail.com,Dustin Griffin,29,Female,No,Yes,Weekly,Sometimes,Maybe,Yes,Yes,Not Important,Simple UI,No,Notice all physical might politics if close north according.,Too Bland,Too Bland,Too Bland,Too Salty,N/A,N/A,Too Salty,Too Salty,Too Salty,1/2 tsp
jenniferreeves@yahoo.com,Theresa Murphy,31,Male,No,No,Not applicable,Never,Yes,Yes,Maybe,Important,Mobile App,No,Rather evidence without field grow since ready.,Perfect,Too Salty,1/4 tsp,Too Salty,Too Bland,1/4 tsp,More than 1 tsp,1/2 tsp,Perfect,Too Bland
jennifer88@fry.net,James Martin,27,Female,No,Yes,Not applicable,Always,Yes,No,No,Very Important,Voice Control,No,Let without such once alone you.,Too Bland,1/2 tsp,1/4 tsp,More than 1 tsp,Too Bland,N/A,More than 1 tsp,1/4 tsp,Too Salty,1/4 tsp
tamaraespinoza@hotmail.com,Christine Thompson,47,Male,No,Yes,Rarely,Never,No,Yes,Maybe,Important,Automated,No,Nor what organization word majority.,Too Salty,Perfect,1/4 tsp,Too Salty,1/2 tsp,N/A,Too Bland,Too Bland,1/4 tsp,Perfect
jessica61@hotmail.com,Linda Parker,31,Male,Yes,No,Monthly,Never,No,No,Maybe,Important,Voice Control,Yes,Future particular new treat only through.,1/2 tsp,More than 1 tsp,1/2 tsp,Too Salty,N/A,1/4 tsp,N/A,Too Salty,N/A,1/4 tsp
hollandlawrence@keller.info,Brandon King,65,Other,No,Yes,Weekly,Sometimes,No,No,Yes,Not Important,Adjustable,Yes,Pm open beyond study detail laugh production agree.,Too Salty,1/2 tsp,Too Bland,Too Bland,Too Bland,Too Salty,1/4 tsp,1/4 tsp,Too Salty,Too Salty
stephen18@peterson.com,Stephanie Taylor,32,Other,Yes,Yes,Rarely,Sometimes,No,No,Maybe,Very Important,Mobile App,No,Wear success time election she sit everything husband other image.,Too Salty,1/2 tsp,1/2 tsp,Too Bland,1/4 tsp,Too Bland,Too Bland,N/A,More than 1 tsp,1/2 tsp
tracywatts@fields-miranda.org,Amy Murphy,37,Female,Yes,Yes,Rarely,Never,No,Yes,No,Neutral,Mobile App,Yes,Hear table recently have receive play run beat employee.,Too Bland,Too Salty,1/4 tsp,Perfect,Too Bland,N/A,N/A,1/4 tsp,1/2 tsp,Perfect
qjones@gmail.com,Justin Cox,43,Female,Yes,Yes,Rarely,Sometimes,Maybe,Yes,Maybe,Very Important,Adjustable,Yes,Line send process woman know purpose build yet include.,1/2 tsp,Perfect,Too Bland,More than 1 tsp,Perfect,1/2 tsp,N/A,1/4 tsp,Perfect,Too Salty
jason59@rios-ingram.info,Roger Lowe,43,Other,No,No,Rarely,Never,No,Maybe,Yes,Very Important,Automated,Yes,Agreement trip control edge school relationship computer writer save.,1/4 tsp,1/4 tsp,Too Salty,Perfect,More than 1 tsp,N/A,1/2 tsp,Too Bland,Too Bland,Perfect
ricky37@torres.com,Beth Gutierrez,28,Male,Yes,Yes,Not applicable,Always,Maybe,No,Maybe,Important,Mobile App,Yes,Mouth three page pull impact follow single until side.,1/2 tsp,1/4 tsp,Too Bland,More than 1 tsp,Perfect,N/A,1/2 tsp,Too Bland,Perfect,Too Bland
john78@yahoo.com,Lauren Richardson,37,Other,Yes,No,Rarely,Always,Yes,No,Maybe,Not Important,Adjustable,Yes,Board feeling wrong something develop leave character listen catch.,Too Salty,More than 1 tsp,1/4 tsp,N/A,1/4 tsp,1/2 tsp,More than 1 tsp,1/4 tsp,Too Bland,Too Bland
howardashley@hotmail.com,Mr. Harold Edwards,24,Other,No,No,Daily,Never,No,Maybe,Maybe,Not Important,Mobile App,No,Attorney pull nothing fast action recognize natural.,1/4 tsp,Too Salty,1/2 tsp,Too Salty,More than 1 tsp,Too Bland,1/4 tsp,More than 1 tsp,N/A,More than 1 tsp
ychristian@brown.com,Annette Thomas,48,Other,No,No,Not applicable,Never,No,Maybe,Yes,Important,Automated,Yes,Back economic drive point wish.,1/2 tsp,1/2 tsp,1/4 tsp,Perfect,Too Salty,Too Bland,1/4 tsp,1/2 tsp,Too Salty,More than 1 tsp
tspencer@vega.com,Lisa Lewis MD,46,Male,No,No,Not applicable,Sometimes,No,Maybe,Maybe,Important,Voice Control,Yes,Once blue tough security item about us operation forget give.,Too Bland,1/2 tsp,Perfect,1/2 tsp,1/4 tsp,1/4 tsp,More than 1 tsp,1/2 tsp,Too Salty,1/2 tsp
glenn88@gmail.com,Erin Snyder,44,Other,No,No,Not applicable,Never,Maybe,Yes,Yes,Neutral,Voice Control,No,Senior wife family condition yeah operation spring get vote.,More than 1 tsp,N/A,N/A,Too Salty,More than 1 tsp,N/A,1/2 tsp,More than 1 tsp,Too Bland,1/4 tsp
gomezdaniel@velasquez.com,Michael Chen,51,Male,Yes,No,Daily,Always,No,Maybe,Maybe,Not Important,Adjustable,Yes,Really culture case common possible garden likely challenge age.,Too Salty,Too Bland,1/2 tsp,1/2 tsp,Too Salty,1/2 tsp,Too Salty,Too Salty,Too Salty,Perfect
mbyrd@scott.info,Kenneth Hill,55,Male,Yes,No,Rarely,Sometimes,No,Yes,No,Important,Automated,No,Might nothing green even once truth ability.,Too Salty,Perfect,More than 1 tsp,Too Bland,1/4 tsp,1/4 tsp,More than 1 tsp,Too Salty,N/A,Perfect
edward96@henderson.com,Brandon Reynolds,32,Male,Yes,No,Daily,Sometimes,No,Maybe,Maybe,Neutral,Adjustable,Yes,Year phone Congress amount seat scientist within action.,1/2 tsp,More than 1 tsp,N/A,Too Salty,More than 1 tsp,Too Bland,1/4 tsp,Too Bland,1/4 tsp,Perfect
douglas29@kennedy.org,Whitney Alexander,32,Male,Yes,No,Daily,Sometimes,No,No,Maybe,Important,Simple UI,Yes,Foreign structure she reason station near political stuff.,More than 1 tsp,1/2 tsp,Too Salty,Too Bland,N/A,Too Salty,1/4 tsp,Too Salty,Perfect,More than 1 tsp
nicolemurphy@gmail.com,Mark Lindsey,48,Other,No,Yes,Monthly,Sometimes,No,No,Maybe,Important,Voice Control,Yes,Congress least might pay window to political.,1/2 tsp,1/4 tsp,Perfect,More than 1 tsp,N/A,Too Bland,Too Salty,1/4 tsp,1/2 tsp,N/A
deborah67@phillips.net,Stephanie Simon,21,Male,Yes,No,Daily,Always,Maybe,No,Maybe,Not Important,Voice Control,Yes,Attack environmental lawyer but.,Too Bland,N/A,Too Salty,Too Salty,1/4 tsp,Perfect,1/2 tsp,Perfect,1/2 tsp,Too Bland
omargallegos@yahoo.com,Connie Hensley,60,Female,Yes,Yes,Weekly,Always,Maybe,Maybe,No,Not Important,Automated,Yes,Worry radio likely interview.,Too Bland,N/A,Too Salty,Too Bland,N/A,1/4 tsp,N/A,Perfect,N/A,More than 1 tsp
jessica25@gmail.com,Jessica Monroe,37,Other,No,Yes,Daily,Never,Maybe,Maybe,Yes,Important,Simple UI,Yes,Avoid none task blood drug weight.,Perfect,More than 1 tsp,N/A,1/4 tsp,More than 1 tsp,Too Bland,N/A,More than 1 tsp,1/2 tsp,More than 1 tsp
holly37@yahoo.com,Albert Potter,55,Female,No,No,Not applicable,Always,Yes,Yes,Yes,Neutral,Adjustable,No,Strategy reflect analysis course since those bag sport up.,Too Bland,Too Bland,Too Salty,1/4 tsp,Perfect,1/2 tsp,More than 1 tsp,1/2 tsp,Too Salty,1/4 tsp
sheila60@bell.com,Melissa Martin,41,Female,Yes,No,Monthly,Never,No,No,Maybe,Very Important,Adjustable,No,Service trial sure assume.,1/4 tsp,1/2 tsp,More than 1 tsp,1/4 tsp,More than 1 tsp,1/2 tsp,1/4 tsp,N/A,Perfect,1/4 tsp
danielhowe@yahoo.com,Taylor Castillo,55,Female,Yes,Yes,Daily,Always,Maybe,Yes,Maybe,Not Important,Voice Control,No,Alone pattern month sort economic scene fall.,1/2 tsp,N/A,1/4 tsp,More than 1 tsp,1/4 tsp,Perfect,Perfect,Too Bland,1/4 tsp,Perfect
rebecca59@nolan.net,Susan Rhodes,51,Other,No,Yes,Not applicable,Never,No,Yes,Yes,Important,Automated,No,Which either detail yes and arrive high wish area.,N/A,N/A,Too Bland,1/4 tsp,More than 1 tsp,N/A,1/4 tsp,1/4 tsp,1/2 tsp,1/4 tsp
timothymckinney@hotmail.com,Kelly Gates,62,Male,Yes,Yes,Weekly,Never,Yes,No,Maybe,Neutral,Simple UI,No,Financial large rate debate go entire page parent.,More than 1 tsp,N/A,1/2 tsp,Too Salty,Perfect,Perfect,More than 1 tsp,1/2 tsp,Too Bland,Perfect
burchtiffany@hernandez-ruiz.com,Kathy Dorsey MD,37,Female,No,Yes,Rarely,Never,Maybe,No,Maybe,Important,Simple UI,No,Two speech modern within cut space.,N/A,1/4 tsp,N/A,1/4 tsp,1/4 tsp,1/4 tsp,1/2 tsp,N/A,1/2 tsp,Too Bland
brookslindsay@yahoo.com,Gail Price,55,Other,No,Yes,Rarely,Always,Maybe,No,Yes,Very Important,Automated,No,Or blood how could born security environment.,More than 1 tsp,1/2 tsp,N/A,1/2 tsp,Too Bland,1/2 tsp,Too Salty,1/2 tsp,Too Bland,N/A
mhammond@freeman.com,Deborah Pena,24,Female,Yes,No,Weekly,Never,Maybe,Maybe,No,Neutral,Adjustable,No,Available have despite million when occur own.,N/A,N/A,Too Salty,Too Salty,Too Salty,More than 1 tsp,Perfect,N/A,More than 1 tsp,N/A
mitchelljacobs@anthony.com,Brandon Tran,42,Male,No,Yes,Not applicable,Sometimes,No,Yes,No,Neutral,Mobile App,Yes,Possible sign anything claim event.,N/A,Too Salty,1/4 tsp,1/2 tsp,Too Salty,Too Salty,Too Salty,Too Salty,Too Bland,1/4 tsp
nataliealvarez@gmail.com,Susan Hall,39,Other,No,No,Weekly,Always,Maybe,Maybe,Yes,Very Important,Mobile App,Yes,Success PM decision speak air.,More than 1 tsp,Perfect,Too Salty,Perfect,N/A,Too Bland,Too Salty,N/A,Perfect,Too Bland
blackmichael@hotmail.com,Aaron Moody,43,Female,Yes,Yes,Monthly,Sometimes,Maybe,No,Maybe,Not Important,Mobile App,Yes,Season low father economy recent point note treat station chair cut.,Too Salty,Too Salty,1/4 tsp,N/A,Perfect,Too Salty,1/4 tsp,More than 1 tsp,Perfect,Too Bland
wwest@wilson.org,Elizabeth Matthews,42,Other,No,No,Rarely,Sometimes,No,No,Yes,Neutral,Voice Control,No,Life raise room network executive either read travel shoulder research.,Too Bland,1/2 tsp,Too Bland,Too Salty,1/2 tsp,Perfect,1/2 tsp,Too Bland,Too Salty,Perfect
sean75@gmail.com,Ashley Camacho,43,Male,No,Yes,Daily,Sometimes,No,Yes,Maybe,Neutral,Mobile App,Yes,Skill over community common moment degree world sometimes.,More than 1 tsp,More than 1 tsp,1/4 tsp,Too Bland,More than 1 tsp,N/A,1/4 tsp,Too Bland,More than 1 tsp,1/2 tsp
jeremiahgray@garcia.com,Adam Erickson,61,Male,No,Yes,Daily,Sometimes,No,Yes,Maybe,Important,Voice Control,No,Question page agent he also budget play radio.,Perfect,Too Salty,Too Bland,1/4 tsp,More than 1 tsp,Too Salty,N/A,Too Salty,Perfect,N/A
ellen37@hotmail.com,William Moreno,36,Female,Yes,No,Rarely,Never,No,Maybe,Yes,Important,Voice Control,No,Be real most wrong project often approach.,Too Salty,Too Bland,1/4 tsp,1/2 tsp,1/4 tsp,1/4 tsp,1/4 tsp,1/4 tsp,More than 1 tsp,Too Salty
smithteresa@pham-steele.com,Julia Jackson,20,Other,Yes,Yes,Daily,Sometimes,Yes,Maybe,Yes,Not Important,Automated,Yes,Fast find fight network court land dream maybe here.,Too Salty,1/4 tsp,More than 1 tsp,Too Bland,N/A,1/4 tsp,Too Salty,Too Salty,Perfect,1/2 tsp
parmstrong@hotmail.com,Shelly Campbell,51,Male,No,No,Monthly,Always,No,Yes,No,Important,Voice Control,Yes,Feeling respond war north live get woman six property yes leave.,More than 1 tsp,Perfect,1/2 tsp,1/2 tsp,Too Bland,1/2 tsp,1/2 tsp,Perfect,N/A,1/2 tsp
vmccormick@yahoo.com,Nathan King,27,Female,Yes,No,Monthly,Always,Yes,Yes,No,Not Important,Simple UI,Yes,As either price listen their few among agreement still.,N/A,Too Bland,Perfect,Too Bland,More than 1 tsp,More than 1 tsp,More than 1 tsp,Too Bland,Too Salty,Too Salty
kristinjohnson@hotmail.com,Mark Huang,24,Male,Yes,Yes,Daily,Never,Maybe,Yes,No,Very Important,Automated,No,Writer that everything tell election all.,1/2 tsp,1/4 tsp,1/2 tsp,N/A,Too Salty,Too Bland,More than 1 tsp,Perfect,1/2 tsp,Too Bland
thompsonjohn@davila.com,Peter Reid,18,Female,Yes,No,Daily,Always,Yes,No,No,Not Important,Mobile App,Yes,Baby could far dog program degree.,Perfect,Too Bland,N/A,Too Bland,1/2 tsp,N/A,N/A,Perfect,1/2 tsp,Perfect
evansmark@khan.biz,Tracy Marshall,35,Female,No,No,Monthly,Sometimes,Maybe,Yes,No,Not Important,Voice Control,Yes,Grow class third rock law long leave call our.,N/A,1/2 tsp,Perfect,Perfect,Too Bland,Perfect,More than 1 tsp,More than 1 tsp,1/4 tsp,Too Bland
larsonmichael@blackwell.org,Gabriella Henson,24,Other,No,Yes,Daily,Sometimes,Yes,No,Maybe,Neutral,Adjustable,No,Can discover start woman entire feel.,Too Salty,1/2 tsp,Too Bland,1/2 tsp,More than 1 tsp,1/4 tsp,1/4 tsp,1/4 tsp,Too Salty,More than 1 tsp
mcgrathsharon@johnson.biz,Sean Lopez,42,Other,No,No,Weekly,Never,Maybe,Maybe,Yes,Important,Adjustable,Yes,Once everyone either speech price.,More than 1 tsp,More than 1 tsp,Perfect,1/2 tsp,1/2 tsp,More than 1 tsp,Too Salty,Too Bland,Too Salty,Too Salty
zlewis@gmail.com,Jonathan Clarke,40,Male,No,Yes,Weekly,Never,Maybe,Maybe,Yes,Very Important,Automated,Yes,Bag hospital oil modern turn ahead activity certain.,1/4 tsp,Too Salty,More than 1 tsp,Too Salty,1/4 tsp,Too Salty,1/2 tsp,1/4 tsp,N/A,Too Salty
robertsstephanie@yahoo.com,Michael Lester,36,Male,Yes,Yes,Weekly,Always,Yes,Maybe,Yes,Important,Simple UI,No,Idea mother oil very space grow.,N/A,1/4 tsp,N/A,1/4 tsp,1/4 tsp,Perfect,Too Salty,1/4 tsp,1/4 tsp,1/4 tsp
nicole83@yahoo.com,Christine Smith,56,Other,Yes,Yes,Monthly,Always,Maybe,Yes,No,Neutral,Voice Control,No,Him son general try since personal glass reality system alone.,1/4 tsp,Too Bland,Perfect,1/2 tsp,Too Salty,N/A,N/A,More than 1 tsp,1/2 tsp,Too Bland
wilsonjason@neal.com,Mary Gay,26,Female,Yes,No,Monthly,Always,Maybe,Maybe,No,Not Important,Mobile App,No,Group compare positive project community ok professional reality.,Too Salty,Perfect,1/2 tsp,Too Salty,1/2 tsp,1/4 tsp,Too Bland,1/4 tsp,Too Bland,N/A
campbellcarlos@yahoo.com,Ronald Clark,46,Other,No,No,Not applicable,Never,No,No,Maybe,Important,Voice Control,No,With reality cell first computer life appear economic herself grow.,1/2 tsp,More than 1 tsp,Too Bland,Too Bland,Too Bland,Perfect,Perfect,1/4 tsp,1/2 tsp,Perfect
lopezkatrina@yahoo.com,Doris Bryant,48,Male,Yes,No,Weekly,Sometimes,Yes,Maybe,Yes,Not Important,Adjustable,Yes,Natural enjoy property air data stage imagine sometimes shoulder statement.,1/2 tsp,1/2 tsp,More than 1 tsp,Perfect,1/4 tsp,Too Bland,Perfect,Too Salty,1/2 tsp,N/A
adamselaine@hotmail.com,Eric Richardson,36,Male,Yes,No,Monthly,Sometimes,No,Yes,Maybe,Neutral,Voice Control,Yes,Hope standard so size spend rich.,1/2 tsp,Too Salty,N/A,More than 1 tsp,Too Salty,Perfect,1/4 tsp,1/4 tsp,Too Bland,1/4 tsp
ellisedward@hotmail.com,Bryan Rangel,59,Other,Yes,No,Monthly,Always,Maybe,Yes,No,Very Important,Simple UI,No,Beat individual visit discover understand business response fill century.,More than 1 tsp,1/4 tsp,1/2 tsp,1/4 tsp,More than 1 tsp,Too Salty,1/4 tsp,1/2 tsp,Too Bland,N/A
waltersgregory@robinson.biz,Margaret Richardson,62,Female,Yes,No,Weekly,Never,Yes,No,Maybe,Important,Mobile App,No,Community cause popular game think.,1/2 tsp,N/A,1/4 tsp,N/A,1/2 tsp,N/A,N/A,1/4 tsp,1/4 tsp,1/4 tsp
betty04@hotmail.com,Peter Martinez,50,Other,No,No,Weekly,Always,No,No,No,Neutral,Adjustable,Yes,Large color move concern pattern.,1/2 tsp,1/4 tsp,More than 1 tsp,Too Salty,More than 1 tsp,More than 1 tsp,N/A,Too Bland,Too Salty,Perfect
phillipsshannon@yahoo.com,Ashley Santiago,45,Female,No,No,Rarely,Always,Yes,Yes,Yes,Neutral,Voice Control,Yes,Individual popular media follow you against care law child.,More than 1 tsp,1/2 tsp,N/A,1/4 tsp,Perfect,More than 1 tsp,N/A,Too Salty,More than 1 tsp,More than 1 tsp
austinbutler@perez.net,Samantha Harper,34,Female,Yes,Yes,Not applicable,Sometimes,Maybe,Yes,No,Very Important,Simple UI,Yes,Evidence report could share recently according somebody picture best after.,Too Bland,1/2 tsp,More than 1 tsp,1/2 tsp,1/4 tsp,Too Bland,More than 1 tsp,Too Bland,More than 1 tsp,More than 1 tsp
apatton@gmail.com,Dwayne Garcia,56,Male,No,No,Daily,Always,Maybe,No,Maybe,Not Important,Mobile App,Yes,Author theory sing fine beyond onto not card easy organization.,More than 1 tsp,Too Salty,1/4 tsp,Too Bland,N/A,Perfect,1/2 tsp,Too Bland,Perfect,Too Bland
ecraig@yahoo.com,Jeremy Green,59,Other,No,Yes,Monthly,Always,Maybe,Maybe,Maybe,Very Important,Automated,No,Hot determine civil rest capital yeah indeed.,Perfect,N/A,More than 1 tsp,1/4 tsp,N/A,N/A,1/2 tsp,Perfect,1/2 tsp,More than 1 tsp
kiarafrancis@gmail.com,Mathew Lester,37,Female,Yes,Yes,Weekly,Sometimes,Maybe,Maybe,Yes,Neutral,Mobile App,No,Cold same book could anyone someone around.,Too Bland,More than 1 tsp,Perfect,Too Bland,Perfect,More than 1 tsp,1/4 tsp,Perfect,Too Salty,Perfect
alisonholmes@campbell.com,Christopher Dunn,33,Male,Yes,No,Daily,Sometimes,Maybe,No,Yes,Neutral,Mobile App,No,Season scientist stop ball responsibility.,1/2 tsp,Perfect,Perfect,Too Bland,Perfect,N/A,N/A,Perfect,Too Bland,Perfect
acastillo@rogers.com,Andrew Mendez,21,Male,Yes,Yes,Rarely,Always,Yes,Yes,Yes,Not Important,Simple UI,Yes,Find Mr hard that former cold last.,1/4 tsp,1/4 tsp,Perfect,1/2 tsp,Perfect,1/4 tsp,1/2 tsp,1/2 tsp,Perfect,1/2 tsp
marklopez@flynn-santos.com,Miranda Maldonado,54,Female,Yes,Yes,Daily,Never,No,Maybe,Maybe,Neutral,Mobile App,Yes,Sport six draw lot easy.,Too Salty,1/4 tsp,1/2 tsp,1/4 tsp,Too Salty,Perfect,More than 1 tsp,N/A,Perfect,Perfect
wattserica@aguilar.com,Kent Franco,19,Female,Yes,Yes,Rarely,Sometimes,Maybe,Yes,Maybe,Important,Mobile App,Yes,Affect star relate bad election history best person design.,1/2 tsp,N/A,Perfect,Too Bland,1/2 tsp,Perfect,Perfect,More than 1 tsp,1/2 tsp,More than 1 tsp
christinarandall@parker.com,Amanda Shaw,45,Male,Yes,Yes,Weekly,Never,Yes,No,Maybe,Very Important,Simple UI,No,Bill foreign common property executive these design recent customer expect.,N/A,Too Salty,N/A,Too Salty,1/4 tsp,More than 1 tsp,More than 1 tsp,1/4 tsp,Too Salty,Too Bland
hughesmichele@yahoo.com,Cynthia Delgado,37,Female,No,Yes,Not applicable,Sometimes,No,Maybe,Yes,Not Important,Voice Control,Yes,Bar evidence real their order black yourself well we hear.,More than 1 tsp,1/4 tsp,1/4 tsp,Too Bland,N/A,Too Salty,Too Salty,N/A,1/4 tsp,N/A
dgarcia@hamilton-washington.com,Kristen Holland,24,Female,Yes,No,Not applicable,Always,Yes,No,Yes,Important,Mobile App,No,Radio loss different prepare body travel.,Too Salty,N/A,More than 1 tsp,1/4 tsp,Too Salty,1/4 tsp,More than 1 tsp,Too Bland,1/4 tsp,1/4 tsp
richardanderson@fields.com,Lauren Miller,32,Female,No,No,Monthly,Sometimes,Yes,Yes,Yes,Neutral,Mobile App,No,Threat ok only off during already manage.,N/A,Perfect,N/A,More than 1 tsp,N/A,Too Bland,Perfect,1/4 tsp,Perfect,Too Salty
rachelsmith@hotmail.com,Joseph Black,55,Male,No,Yes,Daily,Sometimes,No,Maybe,Yes,Neutral,Automated,No,International successful interesting road thought leader.,Too Bland,Perfect,1/4 tsp,1/2 tsp,1/4 tsp,Too Bland,Perfect,More than 1 tsp,N/A,Perfect
larry86@hotmail.com,Justin Jordan,28,Other,No,No,Monthly,Never,Yes,Yes,Maybe,Very Important,Voice Control,Yes,Because girl way magazine I.,Too Salty,N/A,More than 1 tsp,Too Bland,Too Salty,N/A,N/A,Too Bland,1/4 tsp,N/A
rachel77@burke-warner.com,Denise Martinez,63,Female,No,Yes,Weekly,Sometimes,Maybe,No,Yes,Very Important,Voice Control,No,Level sister he development field.,Perfect,N/A,N/A,1/2 tsp,Too Salty,More than 1 tsp,More than 1 tsp,Perfect,Perfect,Too Bland
fpittman@garrett-cunningham.com,Jonathan Brooks,57,Other,Yes,No,Daily,Always,No,Maybe,No,Neutral,Simple UI,No,Book social among life important draw push.,Too Bland,Perfect,N/A,More than 1 tsp,Too Bland,1/4 tsp,Perfect,Perfect,Too Bland,Too Bland
robertjohnson@yahoo.com,Caroline Smith,22,Male,No,Yes,Monthly,Always,Maybe,Yes,Maybe,Not Important,Mobile App,Yes,Hard how message be discover season gas cut responsibility news.,1/2 tsp,Too Bland,Too Salty,Too Salty,More than 1 tsp,1/2 tsp,N/A,Perfect,Too Bland,1/4 tsp
eric50@yahoo.com,Ashley Williams,57,Female,No,Yes,Daily,Never,Maybe,No,Maybe,Important,Adjustable,Yes,Detail rather necessary dinner particular add person between culture.,Perfect,More than 1 tsp,1/2 tsp,N/A,N/A,Perfect,Too Salty,More than 1 tsp,N/A,Too Salty
nortega@hotmail.com,Lisa Hood,56,Other,No,Yes,Daily,Sometimes,Yes,Maybe,Maybe,Neutral,Voice Control,No,Mention coach camera treat research society crime.,1/4 tsp,Too Bland,Too Bland,Perfect,1/2 tsp,Too Salty,N/A,Too Salty,More than 1 tsp,Perfect
randall00@hotmail.com,Angela Roberson,56,Female,Yes,No,Daily,Sometimes,No,Yes,Maybe,Important,Voice Control,Yes,Close health fund beautiful require option four international rise voice.,1/2 tsp,1/2 tsp,N/A,N/A,1/2 tsp,Too Salty,More than 1 tsp,More than 1 tsp,More than 1 tsp,Too Bland
william87@yahoo.com,Richard Crawford,55,Other,Yes,No,Not applicable,Always,No,No,Maybe,Not Important,Voice Control,Yes,For surface ahead film husband cost program often story need.,N/A,Too Salty,N/A,Too Bland,1/2 tsp,N/A,1/4 tsp,1/4 tsp,N/A,Too Salty
thompsonjessica@yahoo.com,James Turner,26,Other,Yes,Yes,Monthly,Always,No,No,Yes,Not Important,Adjustable,No,Economy any food turn itself.,Too Salty,More than 1 tsp,Too Bland,More than 1 tsp,1/2 tsp,1/4 tsp,N/A,Too Bland,Too Salty,Too Bland
rachel53@yahoo.com,Austin Ortega,61,Other,Yes,Yes,Daily,Never,Maybe,No,No,Not Important,Simple UI,Yes,Remain public example station sense PM standard high development much base.,N/A,Too Salty,Too Salty,N/A,Too Salty,Perfect,More than 1 tsp,1/2 tsp,1/4 tsp,Too Salty
johnbolton@mcclain-rice.com,James Dawson,53,Other,Yes,Yes,Not applicable,Always,Maybe,Yes,No,Neutral,Simple UI,No,Share benefit civil six simple truth.,1/2 tsp,1/4 tsp,Too Salty,1/2 tsp,N/A,1/2 tsp,1/4 tsp,Perfect,Too Bland,Too Salty
stephanie24@jimenez.com,Tiffany Richardson,63,Female,No,No,Monthly,Never,No,Maybe,Maybe,Neutral,Adjustable,Yes,Provide yeah almost especially along federal state.,More than 1 tsp,1/2 tsp,More than 1 tsp,Too Salty,More than 1 tsp,N/A,1/4 tsp,1/4 tsp,Too Bland,1/2 tsp
jose22@simmons.com,George Pope,39,Male,Yes,No,Daily,Sometimes,Yes,No,Maybe,Not Important,Mobile App,Yes,Ground affect surface home identify pass letter financial.,1/2 tsp,Too Bland,N/A,N/A,More than 1 tsp,N/A,N/A,1/4 tsp,1/2 tsp,1/4 tsp
wrogers@yahoo.com,Patrick Hoffman,51,Other,Yes,No,Weekly,Always,No,Maybe,No,Important,Automated,No,Seek reach race test letter throw culture such hear phone rich.,1/4 tsp,More than 1 tsp,Too Bland,Perfect,Too Salty,Perfect,Too Salty,Too Bland,Perfect,Too Bland
zwilliams@hotmail.com,Tracy Macdonald,21,Male,Yes,No,Daily,Never,Maybe,Yes,Maybe,Neutral,Automated,Yes,People generation land Democrat play.,Perfect,Too Bland,Too Bland,Perfect,N/A,1/2 tsp,More than 1 tsp,Too Bland,N/A,N/A
vwalker@huynh-sparks.net,Rodney Kelly,49,Male,Yes,Yes,Rarely,Sometimes,Yes,No,Maybe,Not Important,Automated,Yes,Involve focus natural major tough action.,N/A,1/2 tsp,1/2 tsp,1/2 tsp,N/A,N/A,Too Salty,1/4 tsp,Perfect,1/4 tsp
delacruzglen@gmail.com,Vanessa Richardson,57,Female,Yes,No,Weekly,Always,Yes,Maybe,Yes,Important,Mobile App,No,Activity behavior reach either something cause country program way.,Too Salty,More than 1 tsp,1/4 tsp,Perfect,Perfect,Perfect,Too Bland,1/2 tsp,1/4 tsp,More than 1 tsp
baileydavid@hotmail.com,Maria Riley,27,Female,Yes,No,Not applicable,Always,Yes,Yes,Maybe,Neutral,Simple UI,Yes,Others professional loss American business suffer necessary after music.,Perfect,N/A,More than 1 tsp,N/A,Too Salty,Perfect,Too Bland,Perfect,N/A,Perfect
josephstokes@yahoo.com,Michael Collins,41,Male,Yes,No,Monthly,Never,Maybe,No,Yes,Not Important,Adjustable,No,Medical box assume real day data project side song they when.,1/4 tsp,1/2 tsp,1/4 tsp,Perfect,N/A,More than 1 tsp,1/2 tsp,Too Bland,Too Salty,1/4 tsp
sara75@hotmail.com,Michael Mueller,24,Female,Yes,No,Monthly,Always,Maybe,Maybe,No,Very Important,Simple UI,Yes,Figure vote who very because.,Perfect,Too Bland,Too Bland,Too Bland,Too Bland,1/4 tsp,1/2 tsp,Too Bland,More than 1 tsp,Too Bland
wilsondaniel@jones-rodriguez.info,Michelle Rios,47,Male,No,Yes,Not applicable,Always,No,Yes,Yes,Very Important,Adjustable,Yes,Production general fly real fine force main response present science.,1/4 tsp,Too Salty,1/4 tsp,1/2 tsp,1/4 tsp,1/2 tsp,1/4 tsp,More than 1 tsp,Perfect,Perfect
mooresara@yahoo.com,John Short,40,Other,Yes,Yes,Weekly,Always,Yes,Yes,Yes,Not Important,Simple UI,No,Keep somebody film society who ever understand ability take after.,Too Bland,More than 1 tsp,Too Bland,More than 1 tsp,Too Bland,Too Salty,1/4 tsp,Too Bland,More than 1 tsp,Too Bland
cassidyfreeman@yahoo.com,Candice King,62,Male,Yes,Yes,Not applicable,Sometimes,Maybe,Maybe,Maybe,Not Important,Mobile App,Yes,Game outside herself blue usually series ready ask.,Too Salty,Too Bland,1/4 tsp,More than 1 tsp,1/2 tsp,Too Salty,1/4 tsp,N/A,Too Bland,N/A
hodgealbert@yahoo.com,Alex Jones Jr.,43,Other,No,No,Weekly,Sometimes,No,No,No,Not Important,Simple UI,Yes,Second everybody different sea reach deal son.,Too Bland,More than 1 tsp,Too Bland,N/A,Perfect,Too Bland,Too Bland,Too Salty,1/4 tsp,Perfect
bridget32@hotmail.com,Vanessa Kennedy,44,Female,No,No,Rarely,Sometimes,Yes,Maybe,Yes,Important,Voice Control,No,That design early end and we certainly into fall.,Too Bland,1/4 tsp,1/4 tsp,Perfect,N/A,1/4 tsp,More than 1 tsp,Perfect,N/A,Too Salty
ortizbrianna@yahoo.com,John Nguyen,22,Female,Yes,No,Daily,Always,Yes,Yes,No,Not Important,Voice Control,No,Peace training young southern indicate every.,1/4 tsp,Perfect,Perfect,1/4 tsp,More than 1 tsp,N/A,More than 1 tsp,N/A,1/2 tsp,More than 1 tsp
rachaelpatterson@casey.com,David Sanchez,29,Female,Yes,No,Daily,Never,Maybe,No,Maybe,Important,Simple UI,Yes,Particularly choose suddenly least sing religious tree available without.,More than 1 tsp,Perfect,Too Bland,Too Bland,More than 1 tsp,Too Bland,Too Bland,More than 1 tsp,1/2 tsp,1/4 tsp
natalie09@powell.net,Richard Gates,44,Other,No,Yes,Daily,Sometimes,Maybe,No,Yes,Important,Mobile App,Yes,Check toward no western prepare artist international east.,Perfect,1/4 tsp,1/2 tsp,1/2 tsp,1/4 tsp,1/2 tsp,Too Bland,N/A,1/4 tsp,Too Bland
kmorris@gmail.com,Mitchell Rogers,41,Male,No,Yes,Rarely,Always,Maybe,Maybe,Yes,Neutral,Mobile App,No,So set instead show sense girl month much.,More than 1 tsp,N/A,1/2 tsp,1/4 tsp,Too Bland,Too Salty,N/A,Perfect,Too Salty,More than 1 tsp
larry70@hotmail.com,Brandon Cruz,23,Other,Yes,Yes,Monthly,Never,No,Yes,Yes,Very Important,Automated,No,Compare office doctor respond else citizen standard purpose.,Perfect,Too Bland,N/A,N/A,1/2 tsp,Perfect,Too Bland,1/2 tsp,Too Bland,1/2 tsp
wterry@hotmail.com,Rickey Lawson,29,Other,No,No,Rarely,Never,Maybe,Yes,Maybe,Very Important,Simple UI,No,Start officer writer fire opportunity.,Too Salty,Too Salty,Perfect,1/4 tsp,Too Bland,Too Salty,N/A,1/2 tsp,1/4 tsp,Perfect
angela11@beck.com,Sarah Nelson,35,Other,No,Yes,Daily,Always,Yes,Yes,No,Neutral,Automated,No,Interest experience let remain movie civil health part surface.,More than 1 tsp,1/2 tsp,More than 1 tsp,1/4 tsp,N/A,Too Bland,Too Salty,N/A,Perfect,Too Bland
tanyabrown@gmail.com,Darrell Berger,58,Other,Yes,Yes,Rarely,Always,Maybe,Yes,Maybe,Not Important,Mobile App,No,Market collection whatever entire nice five tend here bit.,Perfect,1/4 tsp,Too Bland,1/2 tsp,Perfect,1/2 tsp,Perfect,Too Bland,1/2 tsp,1/4 tsp
morgan59@king.com,Seth Palmer,61,Female,No,Yes,Monthly,Sometimes,Maybe,Maybe,No,Not Important,Automated,No,Security later relationship place write would.,1/2 tsp,1/2 tsp,1/2 tsp,1/2 tsp,Perfect,Too Salty,More than 1 tsp,1/4 tsp,N/A,1/4 tsp
anthony82@hotmail.com,Christian Hahn,44,Male,No,No,Daily,Sometimes,No,No,Maybe,Important,Mobile App,No,Increase because list big save.,Too Salty,1/4 tsp,N/A,1/4 tsp,More than 1 tsp,Perfect,1/2 tsp,N/A,1/2 tsp,More than 1 tsp
jimmy70@hotmail.com,Rick Sutton,44,Female,No,No,Not applicable,Never,No,Maybe,Maybe,Neutral,Adjustable,Yes,Her grow late box final.,More than 1 tsp,1/2 tsp,1/2 tsp,Perfect,N/A,More than 1 tsp,N/A,N/A,1/4 tsp,More than 1 tsp
scott19@yahoo.com,Brent Davis,36,Male,Yes,No,Weekly,Never,No,Yes,No,Very Important,Adjustable,Yes,Particularly site election political age.,N/A,N/A,1/2 tsp,N/A,Too Bland,1/4 tsp,1/4 tsp,Too Bland,Too Salty,Too Salty
erin65@hotmail.com,Jeremy Lopez,50,Male,No,Yes,Rarely,Never,Yes,Yes,Maybe,Important,Simple UI,Yes,Wife which add her mouth pass across detail crime relationship.,Too Salty,Perfect,Too Bland,Too Bland,1/2 tsp,1/4 tsp,Too Salty,More than 1 tsp,Perfect,1/4 tsp
roblesdestiny@hotmail.com,Joshua Liu,23,Female,Yes,No,Weekly,Sometimes,No,Yes,Yes,Neutral,Adjustable,No,Toward Republican good any actually little right guess although entire.,Too Salty,Too Bland,More than 1 tsp,Too Salty,Perfect,N/A,Too Bland,N/A,1/2 tsp,1/4 tsp
xpetersen@estes.com,Larry Villarreal,25,Female,No,No,Daily,Always,Maybe,Maybe,Maybe,Neutral,Adjustable,Yes,As perform up agreement defense join.,1/4 tsp,More than 1 tsp,More than 1 tsp,1/4 tsp,Perfect,Too Salty,N/A,1/4 tsp,1/4 tsp,Too Salty
mcharles@hotmail.com,Joshua Moore,19,Other,Yes,No,Monthly,Sometimes,Maybe,No,Yes,Not Important,Voice Control,No,Executive everybody mention above physical today strong high.,Too Salty,1/2 tsp,Too Bland,N/A,1/4 tsp,Perfect,Too Bland,Too Bland,1/2 tsp,Too Bland
christina21@cisneros.com,Stephen Cruz,24,Male,Yes,Yes,Weekly,Sometimes,Maybe,Maybe,Yes,Not Important,Voice Control,Yes,Style party second agree would opportunity defense actually vote various.,Too Salty,N/A,N/A,1/4 tsp,Perfect,Too Salty,1/4 tsp,More than 1 tsp,1/2 tsp,N/A
chad97@rosales.com,Michelle Ramos,27,Other,Yes,Yes,Monthly,Sometimes,Yes,Yes,Yes,Not Important,Automated,No,Home heavy least game product add campaign.,1/2 tsp,N/A,1/2 tsp,N/A,Too Bland,1/4 tsp,More than 1 tsp,More than 1 tsp,1/2 tsp,Perfect
jortiz@hotmail.com,Mrs. Brenda Moore DDS,61,Other,Yes,No,Daily,Always,Maybe,Yes,No,Important,Mobile App,Yes,Hard here board necessary build happy simply.,1/4 tsp,Perfect,More than 1 tsp,Too Bland,Perfect,Too Salty,N/A,1/4 tsp,1/2 tsp,Perfect
daniel15@mooney.biz,Elizabeth Huynh,61,Female,Yes,Yes,Daily,Always,Maybe,Yes,Maybe,Very Important,Simple UI,Yes,Record himself national yourself husband quickly book discover whether weight.,N/A,Perfect,1/4 tsp,1/2 tsp,1/4 tsp,1/2 tsp,1/4 tsp,Too Bland,1/4 tsp,N/A
guzmanamber@yahoo.com,Jeffrey Morrison,53,Female,Yes,Yes,Monthly,Sometimes,Maybe,Yes,Yes,Neutral,Voice Control,Yes,Go success end significant perhaps mean watch suddenly.,Too Salty,Too Salty,Too Salty,More than 1 tsp,N/A,Too Bland,1/4 tsp,More than 1 tsp,1/4 tsp,Too Salty
tmeyer@yahoo.com,James Campbell,53,Other,No,No,Weekly,Always,No,Yes,Maybe,Important,Automated,No,Sister child bit school animal subject east.,Too Bland,Too Salty,1/4 tsp,N/A,Perfect,1/2 tsp,Too Bland,Too Bland,1/4 tsp,1/4 tsp
whiterichard@clayton-smith.org,Kenneth Mcdonald,33,Male,Yes,Yes,Daily,Never,Yes,Yes,Maybe,Very Important,Mobile App,No,Beyond outside usually wide him.,Perfect,Too Salty,N/A,Too Bland,Too Bland,Perfect,Too Salty,1/2 tsp,Too Bland,Perfect
pjones@hotmail.com,Rebecca Saunders,40,Female,No,Yes,Daily,Never,No,Yes,Yes,Not Important,Adjustable,Yes,Hospital stay establish important make forget officer.,Too Salty,1/4 tsp,More than 1 tsp,N/A,1/4 tsp,Perfect,Perfect,More than 1 tsp,Perfect,More than 1 tsp
lauriegarcia@yahoo.com,Matthew Williams,20,Male,No,No,Daily,Never,No,Maybe,No,Important,Simple UI,Yes,Son work policy student plan.,Perfect,1/4 tsp,Too Bland,1/4 tsp,More than 1 tsp,Too Salty,1/2 tsp,More than 1 tsp,Perfect,1/4 tsp
htorres@hayes-patrick.org,Nicole Rodriguez,54,Female,No,No,Monthly,Never,No,Maybe,Maybe,Very Important,Automated,Yes,Score future unit government ok sign go represent different and character.,Too Bland,1/2 tsp,Too Salty,N/A,1/4 tsp,Too Bland,Perfect,Too Salty,Too Bland,Too Salty
mfoster@jones.com,Debra Cunningham,26,Other,No,Yes,Rarely,Sometimes,Yes,Maybe,Maybe,Very Important,Mobile App,Yes,Provide goal offer blue water keep minute.,Perfect,Too Bland,Too Salty,1/4 tsp,1/4 tsp,More than 1 tsp,Too Bland,Perfect,More than 1 tsp,1/2 tsp
frank69@gmail.com,Kelly Taylor,43,Female,Yes,No,Daily,Never,Yes,No,Maybe,Very Important,Simple UI,Yes,Beautiful service admit agreement reflect city open director.,1/2 tsp,Perfect,More than 1 tsp,1/2 tsp,Perfect,N/A,Too Salty,1/4 tsp,1/4 tsp,More than 1 tsp
nlowery@yahoo.com,Eduardo Carter,35,Other,No,Yes,Not applicable,Always,No,Maybe,Yes,Important,Mobile App,Yes,Today difference various more mouth one heart.,1/2 tsp,More than 1 tsp,1/2 tsp,Too Salty,Perfect,More than 1 tsp,More than 1 tsp,Perfect,N/A,N/A
dylanmclaughlin@yahoo.com,Aaron Chan,53,Female,No,No,Not applicable,Sometimes,Maybe,No,No,Important,Mobile App,No,Goal cold task meet focus check.,More than 1 tsp,Perfect,Too Bland,N/A,1/2 tsp,Perfect,1/2 tsp,Perfect,Perfect,N/A
martha28@hotmail.com,Lori Ballard,60,Female,Yes,Yes,Monthly,Always,Maybe,Yes,No,Very Important,Mobile App,Yes,Cold pick new cause talk they.,Too Bland,More than 1 tsp,More than 1 tsp,Too Bland,1/4 tsp,More than 1 tsp,More than 1 tsp,N/A,1/2 tsp,Too Salty
mitchellcruz@gross-griffin.com,Kelly Simmons,20,Male,No,Yes,Monthly,Never,Yes,No,Yes,Not Important,Mobile App,No,Benefit provide old form bar evidence many question up.,Perfect,1/2 tsp,Perfect,Too Salty,More than 1 tsp,1/4 tsp,1/2 tsp,Perfect,Too Salty,Perfect
roger39@haas.com,Maureen Frazier,27,Other,Yes,No,Rarely,Always,Yes,No,Yes,Important,Simple UI,Yes,Few against executive agree walk career.,1/4 tsp,1/4 tsp,More than 1 tsp,N/A,1/2 tsp,More than 1 tsp,N/A,More than 1 tsp,More than 1 tsp,More than 1 tsp
brownwhitney@nguyen.com,Sabrina Hogan,43,Other,No,Yes,Daily,Never,No,Maybe,Maybe,Important,Voice Control,Yes,Once pick government own understand population.,Perfect,Too Bland,More than 1 tsp,More than 1 tsp,Too Bland,1/4 tsp,Perfect,Perfect,N/A,Too Bland
wellstodd@gmail.com,Kevin Bentley,25,Female,No,Yes,Not applicable,Always,Yes,Maybe,Yes,Important,Voice Control,No,Produce story scientist gas future piece likely example.,1/2 tsp,Too Salty,More than 1 tsp,Too Bland,More than 1 tsp,N/A,Perfect,1/2 tsp,Too Salty,1/4 tsp
xhiggins@hotmail.com,Ashley Williams MD,19,Other,Yes,No,Daily,Never,No,No,Maybe,Very Important,Mobile App,Yes,Conference possible institution room meeting western however.,1/4 tsp,Too Salty,1/4 tsp,Perfect,Too Bland,1/4 tsp,N/A,More than 1 tsp,1/2 tsp,Too Bland
oguerrero@yahoo.com,Beth Evans,44,Other,Yes,Yes,Weekly,Never,Maybe,Yes,Maybe,Very Important,Mobile App,Yes,Have tonight fact measure candidate blood eight it middle.,1/4 tsp,Perfect,1/2 tsp,Too Bland,Perfect,1/4 tsp,N/A,More than 1 tsp,Too Salty,More than 1 tsp
parkspatricia@hotmail.com,Kelsey Arroyo,22,Other,No,Yes,Daily,Always,Yes,Maybe,Yes,Not Important,Automated,Yes,He travel response case lot sense.,Too Salty,Too Bland,1/2 tsp,Too Salty,Too Bland,Too Bland,Too Salty,More than 1 tsp,Too Bland,More than 1 tsp
luis57@lara.biz,Robert Buckley,49,Female,No,No,Daily,Sometimes,Maybe,Maybe,No,Neutral,Adjustable,No,Direction use hard try various interesting open nor loss.,1/4 tsp,More than 1 tsp,Perfect,Too Salty,Perfect,More than 1 tsp,Perfect,1/2 tsp,Too Bland,N/A
timothy04@yahoo.com,Nichole Gilmore,27,Other,No,No,Weekly,Always,No,Yes,Maybe,Not Important,Adjustable,No,Piece surface can market certain thank knowledge.,Perfect,Too Salty,N/A,N/A,N/A,1/4 tsp,Too Bland,Perfect,More than 1 tsp,1/2 tsp
pbailey@lopez.net,Julie Barnes,57,Other,Yes,No,Rarely,Sometimes,Maybe,Maybe,Yes,Very Important,Automated,No,Discussion care teach nature.,1/4 tsp,More than 1 tsp,N/A,1/4 tsp,1/4 tsp,Too Salty,1/4 tsp,N/A,Too Salty,Too Salty
collierbecky@hansen.com,Melissa Blackwell,31,Male,No,Yes,Not applicable,Sometimes,Maybe,Maybe,Yes,Very Important,Voice Control,No,Thank across television very number maintain red matter machine.,1/4 tsp,Too Salty,1/4 tsp,1/4 tsp,N/A,More than 1 tsp,Perfect,1/4 tsp,N/A,1/2 tsp
keith50@yahoo.com,Randy Mccall,60,Male,Yes,Yes,Rarely,Sometimes,Maybe,No,Maybe,Not Important,Adjustable,No,Carry still down can difference stop activity person travel nor.,1/4 tsp,Too Salty,1/4 tsp,1/4 tsp,1/4 tsp,Too Salty,1/2 tsp,Too Bland,Perfect,More than 1 tsp
qjones@yahoo.com,Thomas Mitchell,33,Other,Yes,No,Daily,Always,No,Maybe,No,Not Important,Simple UI,No,Huge lead answer child religious base.,More than 1 tsp,More than 1 tsp,N/A,More than 1 tsp,N/A,More than 1 tsp,More than 1 tsp,More than 1 tsp,1/2 tsp,More than 1 tsp
owenlinda@gmail.com,Kimberly Hall,26,Female,No,Yes,Daily,Always,Yes,Yes,Yes,Not Important,Adjustable,No,Discuss have natural politics for morning color.,1/2 tsp,More than 1 tsp,1/4 tsp,Too Bland,1/2 tsp,More than 1 tsp,Too Bland,Too Bland,1/4 tsp,Too Salty
thompsonjoy@page-lee.com,Christopher Anderson,46,Other,Yes,No,Weekly,Never,Yes,No,Yes,Very Important,Voice Control,Yes,Action none young whatever himself big protect main.,Too Salty,Too Bland,Perfect,Too Bland,Perfect,1/4 tsp,1/2 tsp,Too Salty,More than 1 tsp,More than 1 tsp
ymcdowell@taylor-miller.biz,Shane Reed,60,Other,Yes,Yes,Daily,Sometimes,Yes,Yes,Yes,Important,Mobile App,No,Enjoy support least leave employee.,1/2 tsp,1/4 tsp,1/2 tsp,1/4 tsp,Too Salty,Too Bland,N/A,N/A,Perfect,Too Salty
joshua13@mclaughlin.com,Kevin Brown,40,Other,Yes,No,Monthly,Never,Yes,Yes,Yes,Very Important,Voice Control,No,Question teacher manage read test mean soon event day.,More than 1 tsp,Perfect,1/4 tsp,More than 1 tsp,1/4 tsp,More than 1 tsp,N/A,Too Bland,Too Salty,1/4 tsp
suttonlaura@hotmail.com,Carrie Williamson,23,Female,Yes,No,Monthly,Sometimes,No,Yes,No,Not Important,Automated,No,Per edge appear space then those detail through charge be.,Too Bland,N/A,Too Salty,Too Bland,Perfect,N/A,Too Salty,Too Bland,More than 1 tsp,Too Salty
shatfield@hotmail.com,Tonya Davis,38,Other,Yes,Yes,Rarely,Never,Maybe,Yes,No,Neutral,Mobile App,Yes,Modern Democrat visit office likely worker.,N/A,Too Salty,More than 1 tsp,Too Bland,Perfect,N/A,More than 1 tsp,N/A,1/4 tsp,Perfect
markbarnes@horton.org,John Bryan,64,Male,Yes,Yes,Rarely,Always,Maybe,Yes,No,Important,Voice Control,Yes,First eight nature man authority.,Too Salty,N/A,Perfect,N/A,Perfect,Too Bland,N/A,1/2 tsp,Too Bland,Too Bland
mgriffin@gill-gray.com,Anthony Gray,36,Other,Yes,Yes,Rarely,Always,Maybe,Maybe,Yes,Neutral,Mobile App,No,Education light tax above television itself one less practice every.,Perfect,1/2 tsp,N/A,Perfect,N/A,Too Bland,1/2 tsp,Too Bland,Too Salty,Perfect
robertdurham@hotmail.com,Matthew Morales,54,Other,No,Yes,Rarely,Never,Maybe,Maybe,Yes,Very Important,Automated,Yes,Mr election if represent down campaign yes couple product.,Too Bland,1/2 tsp,Too Salty,Too Bland,Too Salty,Too Bland,N/A,1/4 tsp,Too Bland,Too Salty
angelapayne@gmail.com,Amanda Taylor,18,Male,No,No,Daily,Always,No,Yes,Maybe,Neutral,Adjustable,Yes,Office can throughout baby paper year.,More than 1 tsp,Perfect,N/A,1/2 tsp,More than 1 tsp,N/A,Too Bland,1/4 tsp,N/A,Too Bland
jason50@knapp.biz,Shannon Walker,34,Male,Yes,No,Weekly,Never,Maybe,Maybe,Yes,Very Important,Simple UI,No,Send important a visit level president.,Too Salty,More than 1 tsp,Perfect,Too Bland,N/A,Perfect,Perfect,Too Salty,N/A,N/A
mjohnson@hall.com,Amber Morrow,45,Other,No,Yes,Not applicable,Never,Maybe,No,No,Important,Adjustable,Yes,Send school budget shoulder head painting.,Too Bland,Too Salty,1/2 tsp,N/A,N/A,1/2 tsp,N/A,Too Bland,Too Salty,Perfect
fcarrillo@yahoo.com,Adrian Johnson,58,Male,Yes,No,Daily,Sometimes,Yes,No,No,Neutral,Simple UI,No,Drug career interesting trouble full stay news store trip.,1/2 tsp,Too Salty,N/A,Perfect,Too Bland,More than 1 tsp,Too Bland,More than 1 tsp,More than 1 tsp,Too Bland
browntabitha@yahoo.com,Diane Harris,31,Female,Yes,Yes,Daily,Always,Maybe,No,Maybe,Neutral,Adjustable,No,Can three tax figure foreign pattern capital experience religious social.,N/A,Too Salty,More than 1 tsp,Too Salty,1/4 tsp,1/2 tsp,More than 1 tsp,Too Salty,1/2 tsp,1/2 tsp
stacycruz@gmail.com,Johnny Rose,27,Female,No,Yes,Monthly,Always,Yes,Maybe,No,Not Important,Adjustable,No,Plan class million soldier land road resource week cause.,1/2 tsp,Too Salty,Perfect,1/4 tsp,Too Salty,1/4 tsp,1/2 tsp,Too Salty,Too Salty,1/2 tsp
stevensmatthew@hotmail.com,Jeanette Neal MD,27,Male,No,Yes,Not applicable,Sometimes,Maybe,Yes,Yes,Neutral,Adjustable,Yes,Article onto fall page style change always inside.,Perfect,N/A,Too Salty,Too Bland,Too Bland,Too Bland,N/A,More than 1 tsp,More than 1 tsp,1/2 tsp
denise15@shields.com,Chad Wong,26,Other,No,No,Rarely,Always,No,Yes,Maybe,Important,Adjustable,Yes,Actually product into theory pass meet say board have house.,Perfect,Too Bland,Too Salty,Too Bland,1/2 tsp,1/2 tsp,Too Bland,Too Bland,Too Salty,1/4 tsp
richardbright@dodson-wright.com,Jaclyn Scott,30,Female,Yes,No,Monthly,Sometimes,No,No,Maybe,Very Important,Voice Control,No,New full discuss measure media service off.,N/A,Too Bland,Too Salty,More than 1 tsp,Perfect,More than 1 tsp,Too Salty,Too Bland,Too Bland,N/A
zdodson@stewart.info,Danielle Montgomery,65,Other,No,No,Not applicable,Always,No,Maybe,No,Neutral,Automated,No,Weight white than animal Mr serve.,More than 1 tsp,Perfect,Too Salty,N/A,Perfect,Perfect,More than 1 tsp,1/4 tsp,Too Salty,1/2 tsp
margaretweaver@nunez.com,Amanda Cordova,60,Male,No,Yes,Rarely,Never,No,No,Yes,Very Important,Simple UI,Yes,Ask sit assume pretty between administration art.,Perfect,Perfect,1/4 tsp,More than 1 tsp,More than 1 tsp,Too Bland,Too Bland,Too Salty,More than 1 tsp,Perfect
raymichael@salazar-marshall.com,Troy Alvarez,40,Female,Yes,Yes,Monthly,Sometimes,Yes,Yes,Yes,Neutral,Voice Control,Yes,Able attorney some tonight side light against investment whatever individual.,More than 1 tsp,Perfect,1/4 tsp,Perfect,Too Salty,Perfect,Perfect,1/4 tsp,N/A,1/4 tsp
vincent66@olsen.com,Katelyn Gordon,50,Male,No,Yes,Monthly,Sometimes,Yes,Maybe,Maybe,Important,Automated,No,Wear money woman join tend quality care.,Too Bland,1/2 tsp,1/4 tsp,Too Bland,1/2 tsp,Too Salty,Too Bland,Perfect,Perfect,1/2 tsp
brownchelsea@mccarty-ramos.com,Dr. Jeffrey Jones,36,Female,Yes,Yes,Weekly,Sometimes,Maybe,Maybe,Yes,Important,Mobile App,No,Model bill record commercial east believe condition voice.,1/4 tsp,Perfect,More than 1 tsp,More than 1 tsp,Perfect,Too Bland,N/A,1/2 tsp,Too Salty,1/2 tsp
annaray@hernandez.com,Gina Schroeder,53,Male,Yes,No,Not applicable,Always,Maybe,No,Yes,Very Important,Voice Control,Yes,Green good full experience attention.,Too Salty,Too Bland,Too Salty,More than 1 tsp,More than 1 tsp,N/A,1/4 tsp,1/4 tsp,1/2 tsp,Too Bland
bauerkatherine@hill-smith.com,Garrett Walker,39,Male,Yes,No,Monthly,Always,No,Yes,Maybe,Very Important,Automated,No,Vote people perform accept personal short scientist any.,More than 1 tsp,Too Bland,1/4 tsp,1/4 tsp,Too Salty,Too Salty,More than 1 tsp,N/A,Too Bland,Too Salty
smithrichard@hill.com,Jim Hendrix,24,Other,Yes,No,Daily,Always,Maybe,Yes,Maybe,Not Important,Voice Control,Yes,Media political five over better reach.,N/A,N/A,Perfect,1/2 tsp,More than 1 tsp,More than 1 tsp,Too Salty,Too Salty,N/A,Perfect
heatherlewis@gmail.com,Nicholas Bennett,49,Male,No,No,Not applicable,Always,Yes,No,Maybe,Neutral,Voice Control,No,Peace word travel year bad.,1/2 tsp,1/2 tsp,More than 1 tsp,More than 1 tsp,Too Salty,1/4 tsp,1/4 tsp,1/2 tsp,Too Bland,More than 1 tsp
mmata@barnett.net,Deanna Dominguez,59,Male,Yes,No,Weekly,Sometimes,Maybe,No,No,Very Important,Voice Control,Yes,Carry picture ok strategy reduce sing sure single appear.,Too Bland,1/2 tsp,Too Salty,More than 1 tsp,Too Bland,Perfect,More than 1 tsp,Too Salty,More than 1 tsp,More than 1 tsp
jamesdean@mills.org,Anthony Sanchez,57,Other,Yes,Yes,Monthly,Never,Yes,No,No,Very Important,Mobile App,Yes,That answer area late dog hospital bag.,N/A,Perfect,Perfect,Too Salty,1/4 tsp,1/4 tsp,Perfect,Too Bland,Perfect,N/A
stephanie86@fuentes.com,Joan Todd,35,Female,Yes,No,Monthly,Sometimes,Maybe,Maybe,Maybe,Important,Automated,No,Beyond bar end professional effort civil right may.,1/4 tsp,Too Bland,More than 1 tsp,1/2 tsp,Perfect,Too Bland,Too Bland,Too Bland,N/A,Perfect
hardintony@hotmail.com,Stephanie Ortiz,54,Female,No,No,Weekly,Sometimes,No,Yes,No,Neutral,Adjustable,Yes,Example by goal nice lose natural meeting side large.,N/A,More than 1 tsp,1/4 tsp,1/2 tsp,1/2 tsp,N/A,N/A,N/A,1/4 tsp,More than 1 tsp
joseph05@hotmail.com,Amy Arnold,21,Male,No,Yes,Weekly,Always,Maybe,Yes,Yes,Not Important,Simple UI,No,Music notice turn teacher effort point house.,1/2 tsp,Too Bland,N/A,Too Bland,N/A,1/2 tsp,Too Bland,More than 1 tsp,N/A,1/2 tsp
terribradford@yahoo.com,James Sullivan,58,Other,Yes,Yes,Rarely,Never,Yes,No,Yes,Important,Adjustable,Yes,Of play likely able must thus begin interesting specific.,Perfect,Too Bland,Too Bland,1/2 tsp,Too Bland,N/A,1/4 tsp,Too Salty,N/A,1/2 tsp
tlewis@hotmail.com,David Weber,56,Male,Yes,No,Daily,Sometimes,Maybe,Maybe,Maybe,Important,Simple UI,Yes,Despite whom sea security hundred not air physical different.,1/4 tsp,1/2 tsp,Too Bland,Too Salty,Too Bland,Perfect,Perfect,N/A,Too Bland,Too Salty
downsgabriel@yahoo.com,Keith Miller,45,Male,Yes,No,Rarely,Never,Maybe,No,Maybe,Very Important,Simple UI,Yes,Inside performance interest song why.,Too Salty,More than 1 tsp,N/A,More than 1 tsp,Too Salty,Too Bland,Too Bland,Too Bland,1/2 tsp,1/4 tsp
jason09@yahoo.com,Catherine Smith,36,Male,No,Yes,Rarely,Sometimes,No,No,Yes,Neutral,Voice Control,Yes,You media trade art others team measure recently simply.,N/A,Too Salty,1/4 tsp,N/A,N/A,1/2 tsp,N/A,More than 1 tsp,More than 1 tsp,N/A
daisy94@james.org,Leslie Knox,23,Female,No,No,Not applicable,Always,No,No,No,Neutral,Automated,No,Lead natural agree media carry hour.,N/A,More than 1 tsp,Too Bland,N/A,1/4 tsp,1/4 tsp,More than 1 tsp,1/2 tsp,Perfect,Perfect
mwilson@duran-smith.com,Kelly Harding,31,Other,Yes,No,Not applicable,Never,Yes,No,Yes,Important,Simple UI,Yes,Same major role total threat.,Too Salty,Perfect,Too Bland,Too Bland,Perfect,Too Salty,Too Bland,Too Bland,Too Bland,Perfect
jweaver@yahoo.com,Steve Ward,36,Female,Yes,Yes,Rarely,Always,Yes,No,No,Neutral,Adjustable,Yes,Near current capital dark we room step management.,N/A,Too Salty,1/2 tsp,Perfect,N/A,Too Bland,1/4 tsp,1/2 tsp,Too Bland,1/4 tsp
caustin@curtis-velez.com,Ricardo Watson,27,Female,No,No,Rarely,Always,Maybe,No,No,Neutral,Simple UI,No,Door buy dinner attack assume example.,1/4 tsp,Too Bland,1/4 tsp,N/A,Too Bland,Perfect,More than 1 tsp,Too Salty,More than 1 tsp,Too Bland
grantstephanie@vance.biz,Sarah Scott,29,Female,Yes,Yes,Weekly,Sometimes,No,Yes,No,Neutral,Automated,Yes,Southern mother story onto near memory democratic.,Too Salty,1/4 tsp,N/A,Too Salty,More than 1 tsp,N/A,N/A,More than 1 tsp,N/A,1/4 tsp
ariel33@yahoo.com,Sandra Cox,35,Female,No,No,Daily,Always,Yes,Yes,Yes,Important,Mobile App,No,Mission often though clear push bag person.,1/2 tsp,More than 1 tsp,N/A,1/2 tsp,More than 1 tsp,1/2 tsp,Perfect,Perfect,1/4 tsp,1/4 tsp
william12@cunningham.com,John Atkinson,33,Male,No,Yes,Rarely,Never,Maybe,No,Maybe,Neutral,Simple UI,No,Million best price community.,1/4 tsp,More than 1 tsp,Too Salty,1/4 tsp,Too Bland,Perfect,More than 1 tsp,1/2 tsp,N/A,More than 1 tsp
eddiecooper@mitchell-shaffer.biz,Thomas Paul,22,Female,Yes,Yes,Daily,Always,No,No,No,Not Important,Automated,Yes,Leave including indicate return drive security participant explain.,1/2 tsp,1/4 tsp,Perfect,Perfect,Too Bland,Perfect,Too Salty,Too Salty,Too Salty,Perfect
briannasantos@walker-wood.com,Ryan Hamilton,23,Male,Yes,No,Monthly,Never,Maybe,No,Maybe,Neutral,Voice Control,Yes,Put begin still shoulder together certainly score our what employee.,1/2 tsp,Too Bland,Perfect,More than 1 tsp,Too Salty,Too Salty,N/A,Too Salty,1/4 tsp,Perfect
kelly54@yahoo.com,Courtney Pena,35,Female,Yes,No,Not applicable,Never,Yes,Yes,Maybe,Important,Voice Control,No,Fast worker city get concern task conference under may meeting.,Too Salty,More than 1 tsp,Too Salty,Too Salty,More than 1 tsp,1/2 tsp,Too Bland,Too Salty,1/4 tsp,Too Bland
scottfernandez@davidson.com,Cheryl Green,65,Female,Yes,Yes,Weekly,Sometimes,Maybe,Maybe,No,Neutral,Adjustable,No,Decade almost wonder likely yet.,Perfect,1/2 tsp,Too Salty,N/A,Too Bland,1/2 tsp,Too Bland,Perfect,Perfect,1/2 tsp
penaernest@gmail.com,Timothy Garcia,45,Female,No,No,Rarely,Always,No,Maybe,No,Neutral,Simple UI,Yes,Role foreign pressure thousand drug young development especially middle piece.,Perfect,Too Salty,N/A,N/A,Too Bland,N/A,Too Salty,1/4 tsp,Too Bland,Perfect
traci06@salazar-foster.org,Alyssa Davis,45,Other,Yes,Yes,Weekly,Always,Yes,No,Maybe,Not Important,Simple UI,No,Thought heart off including significant care house it even body.,1/2 tsp,Too Salty,Perfect,N/A,More than 1 tsp,More than 1 tsp,Too Salty,1/4 tsp,More than 1 tsp,1/2 tsp
wmurray@johnson-murphy.com,Denise Hall DDS,65,Male,Yes,Yes,Weekly,Sometimes,Maybe,Maybe,Yes,Important,Adjustable,No,Move series who material hotel.,1/2 tsp,More than 1 tsp,1/4 tsp,Too Bland,1/4 tsp,More than 1 tsp,N/A,N/A,1/2 tsp,Perfect
lowerysara@erickson-wood.info,Connie Hunt,27,Other,Yes,No,Daily,Never,Yes,No,Yes,Very Important,Simple UI,Yes,Floor candidate establish authority can.,1/2 tsp,Too Salty,1/4 tsp,Too Salty,Perfect,Perfect,1/4 tsp,1/4 tsp,Perfect,Too Salty
gallen@gordon.com,Andrea Evans,64,Male,Yes,No,Not applicable,Always,No,No,Maybe,Important,Mobile App,Yes,Argue drop position shoulder other us tell scene body because.,Too Salty,Perfect,Perfect,Too Salty,More than 1 tsp,Too Bland,1/4 tsp,Too Salty,Too Bland,N/A
laurie84@perez-bird.info,Hayley Harrison,49,Other,No,No,Rarely,Sometimes,No,No,Yes,Not Important,Adjustable,No,True school follow foot central view land sport behind lay.,Too Bland,N/A,Perfect,Perfect,Too Bland,More than 1 tsp,Perfect,1/2 tsp,Perfect,1/4 tsp
zpatel@king-anderson.org,Zachary Park,56,Male,Yes,No,Not applicable,Always,Yes,Maybe,Maybe,Important,Automated,No,War stage machine nation case herself.,Too Salty,More than 1 tsp,Too Salty,1/4 tsp,1/4 tsp,1/2 tsp,Too Salty,1/2 tsp,N/A,1/2 tsp
carolynmedina@petersen.biz,Bianca Torres,42,Female,No,Yes,Weekly,Sometimes,Maybe,Yes,No,Important,Mobile App,No,Guy two yes fact ball apply over.,N/A,Too Bland,Too Bland,More than 1 tsp,More than 1 tsp,Too Salty,1/2 tsp,More than 1 tsp,More than 1 tsp,More than 1 tsp
gardnerraymond@munoz.info,Daniel Washington,30,Female,No,No,Daily,Never,No,Maybe,Yes,Neutral,Simple UI,Yes,Serve draw give cover ready truth.,Too Bland,N/A,1/4 tsp,Too Bland,1/4 tsp,Perfect,Too Bland,1/2 tsp,N/A,1/4 tsp
eric69@lee-stevens.com,Dustin Park,38,Other,No,No,Weekly,Always,No,No,Maybe,Very Important,Simple UI,Yes,Head dinner establish too might north animal view week recent.,Perfect,1/2 tsp,More than 1 tsp,Too Salty,Too Salty,Too Salty,1/2 tsp,N/A,1/2 tsp,Too Salty
nicolejones@yahoo.com,Connie Barry,60,Female,No,No,Monthly,Sometimes,Yes,Yes,No,Neutral,Voice Control,Yes,Eye report weight place real girl pick major federal.,1/2 tsp,Perfect,N/A,1/4 tsp,1/2 tsp,1/2 tsp,N/A,Too Bland,Perfect,Too Salty
dstewart@yahoo.com,Rachel Davis,31,Female,Yes,No,Rarely,Never,Maybe,Maybe,Yes,Important,Adjustable,Yes,Hear among report leader simply whose health free public security.,Too Salty,Too Bland,1/4 tsp,Too Salty,More than 1 tsp,Too Bland,More than 1 tsp,N/A,1/4 tsp,N/A
batesmichael@cook.info,Tracy Schultz,40,Male,No,No,Monthly,Never,Yes,No,Yes,Not Important,Mobile App,Yes,Culture yet field your institution bar analysis another country.,Perfect,1/4 tsp,More than 1 tsp,1/4 tsp,Too Bland,1/2 tsp,1/4 tsp,Too Salty,Too Salty,N/A
qharrell@mcbride-harris.info,Jennifer Chan,40,Other,Yes,Yes,Monthly,Always,Maybe,No,No,Important,Mobile App,Yes,Together fight number hold special in accept.,More than 1 tsp,More than 1 tsp,N/A,Perfect,Too Salty,1/2 tsp,Too Bland,N/A,1/2 tsp,1/2 tsp
wroach@white.info,Ann Baker,62,Female,No,Yes,Daily,Never,Maybe,Yes,Maybe,Not Important,Automated,Yes,Drop political eight yourself data fish always close still.,More than 1 tsp,Too Salty,N/A,Perfect,Perfect,Too Bland,More than 1 tsp,Too Salty,N/A,More than 1 tsp
elizabethhuffman@wilson-chavez.com,Seth Rocha,62,Other,No,Yes,Daily,Always,Maybe,Yes,No,Neutral,Adjustable,No,Total country simple soldier add purpose life customer however.,Too Bland,1/2 tsp,N/A,Perfect,Perfect,Perfect,More than 1 tsp,Perfect,N/A,More than 1 tsp
bnorman@yahoo.com,John Watkins,31,Other,Yes,No,Not applicable,Always,No,Maybe,Maybe,Neutral,Mobile App,Yes,Morning toward down soon Mrs whether send.,1/2 tsp,Too Salty,1/2 tsp,Too Salty,More than 1 tsp,Too Bland,More than 1 tsp,Perfect,Too Bland,N/A
omarbradley@flores-gonzalez.info,Linda Hayes,49,Female,No,No,Monthly,Never,Yes,No,No,Very Important,Automated,No,Skin suddenly more camera concern actually police clear difference improve.,1/2 tsp,Too Bland,Too Salty,Too Salty,Too Bland,Too Salty,Too Bland,More than 1 tsp,1/4 tsp,N/A
kmiller@gmail.com,William Murphy,65,Male,No,No,Daily,Always,Yes,No,Maybe,Important,Voice Control,No,Painting safe wish gas.,Too Bland,1/2 tsp,1/2 tsp,1/4 tsp,1/2 tsp,More than 1 tsp,Perfect,Too Salty,N/A,Too Salty
kristarice@giles.info,Henry Reynolds,37,Female,Yes,Yes,Daily,Sometimes,No,No,Maybe,Neutral,Voice Control,No,Fire detail what continue.,Perfect,1/4 tsp,1/2 tsp,N/A,Perfect,More than 1 tsp,Too Salty,1/2 tsp,N/A,1/2 tsp
qwalker@woodward.com,Vincent Peterson,52,Male,Yes,No,Daily,Never,No,Yes,No,Very Important,Mobile App,Yes,Close anyone put manager area work.,Too Bland,Perfect,Perfect,1/2 tsp,Too Bland,More than 1 tsp,Perfect,Perfect,Too Bland,More than 1 tsp
katherinebrown@yahoo.com,Connie Cortez,31,Other,No,Yes,Weekly,Never,Yes,No,Yes,Not Important,Voice Control,No,Enough effect eye never put.,1/4 tsp,N/A,Too Salty,More than 1 tsp,1/4 tsp,N/A,More than 1 tsp,More than 1 tsp,Too Bland,Perfect
charles88@fletcher-bush.com,Tara Davidson,43,Male,No,No,Not applicable,Always,Maybe,Maybe,Maybe,Neutral,Automated,Yes,Reach computer popular trial heart use read thousand yet.,Too Bland,Too Salty,Too Salty,Too Bland,N/A,Too Bland,More than 1 tsp,1/4 tsp,1/2 tsp,More than 1 tsp
hannahsanders@ruiz.com,Austin Russell,37,Female,Yes,Yes,Rarely,Never,No,No,Maybe,Neutral,Voice Control,Yes,Guess knowledge company fire deal.,More than 1 tsp,Perfect,N/A,N/A,1/4 tsp,Too Bland,Too Salty,N/A,1/4 tsp,1/2 tsp
randydavenport@gmail.com,Omar Krause,37,Female,No,Yes,Rarely,Always,Maybe,Maybe,Yes,Very Important,Simple UI,No,Read car position professor team position lawyer.,1/4 tsp,Too Bland,Perfect,Perfect,1/2 tsp,Perfect,More than 1 tsp,1/4 tsp,Perfect,1/2 tsp
joshua76@yahoo.com,Kimberly Torres,36,Female,No,Yes,Not applicable,Always,No,No,No,Neutral,Voice Control,No,Popular marriage pull degree word budget.,Too Salty,Too Salty,Too Bland,Perfect,N/A,N/A,Too Salty,More than 1 tsp,Perfect,More than 1 tsp
amanda25@green.biz,Vanessa Ramos,47,Other,No,Yes,Daily,Always,Maybe,Maybe,No,Neutral,Mobile App,No,Natural tend second include establish until worry.,1/2 tsp,Too Salty,More than 1 tsp,N/A,Perfect,1/4 tsp,Too Bland,1/2 tsp,1/4 tsp,Too Bland
kellyhughes@pearson.com,Bryan Wall,31,Female,Yes,No,Monthly,Sometimes,Maybe,No,Yes,Important,Mobile App,Yes,Him as large thing task most able movie fall.,1/2 tsp,Too Salty,1/2 tsp,Too Bland,1/2 tsp,More than 1 tsp,1/2 tsp,More than 1 tsp,Too Bland,Too Bland
eduardo14@webb.com,Christina Mann,33,Male,No,Yes,Weekly,Sometimes,No,No,Yes,Not Important,Adjustable,Yes,Policy make pretty true student course history set significant.,Too Bland,Perfect,1/2 tsp,N/A,N/A,Perfect,N/A,1/4 tsp,Too Salty,1/2 tsp
pmcfarland@hotmail.com,Melissa Chase,30,Male,Yes,Yes,Not applicable,Always,Maybe,Maybe,No,Neutral,Automated,Yes,Woman against make improve need red really conference.,Too Salty,Perfect,Perfect,1/2 tsp,Perfect,1/2 tsp,Too Bland,Perfect,Too Bland,Perfect
erikacampbell@hotmail.com,Matthew Jackson,30,Other,Yes,Yes,Daily,Always,Maybe,Yes,No,Important,Automated,No,Late add television raise man.,N/A,1/2 tsp,1/2 tsp,1/2 tsp,Perfect,1/4 tsp,1/4 tsp,Too Bland,1/2 tsp,N/A
michelle59@little-davis.com,Stephanie Diaz,24,Female,No,No,Not applicable,Always,Maybe,Maybe,Maybe,Very Important,Mobile App,No,Reflect benefit particularly bar style mother thank fight.,More than 1 tsp,1/2 tsp,Too Bland,N/A,More than 1 tsp,Too Bland,N/A,Too Bland,N/A,N/A
whitney95@hotmail.com,Andrew Simpson,47,Other,Yes,Yes,Monthly,Never,Yes,Yes,Maybe,Neutral,Mobile App,No,Another production how might imagine scene lay this man.,1/4 tsp,Too Bland,N/A,Perfect,Perfect,Perfect,Too Salty,Too Bland,Perfect,Perfect
nsmith@morales.org,Samuel Arellano,61,Male,Yes,No,Monthly,Always,Maybe,Yes,Yes,Very Important,Mobile App,No,Article reflect sister ground hold company.,Perfect,More than 1 tsp,Perfect,Perfect,Perfect,N/A,1/4 tsp,Perfect,More than 1 tsp,N/A
gillchristopher@mcdonald-jackson.com,Robert Ryan,60,Male,No,Yes,Rarely,Sometimes,No,Yes,Maybe,Neutral,Adjustable,No,Manager chair toward case free price already particular deal.,1/4 tsp,Too Salty,N/A,1/2 tsp,N/A,1/4 tsp,1/4 tsp,Too Bland,1/4 tsp,Too Salty
hamiltontiffany@garcia-livingston.com,Jimmy Welch,18,Other,No,No,Monthly,Never,Yes,Maybe,Maybe,Very Important,Adjustable,No,Worry or support tax down official matter daughter talk.,Too Bland,More than 1 tsp,Too Bland,N/A,N/A,1/4 tsp,1/2 tsp,Perfect,N/A,Perfect
pamela66@anderson.com,Tina Brooks,51,Male,Yes,No,Not applicable,Sometimes,No,Yes,Yes,Very Important,Simple UI,Yes,Speak indicate plan growth each pull nice action read.,More than 1 tsp,More than 1 tsp,Perfect,N/A,Perfect,More than 1 tsp,Too Salty,Too Salty,1/4 tsp,Too Salty
martinezjeffrey@hotmail.com,Kimberly Stuart,20,Other,Yes,Yes,Rarely,Sometimes,Yes,Yes,Maybe,Not Important,Voice Control,No,Type political recognize wife become doctor capital would dream.,Too Bland,1/4 tsp,Perfect,N/A,More than 1 tsp,Perfect,Perfect,1/4 tsp,N/A,More than 1 tsp
sean90@miller.com,Margaret Price,61,Other,No,No,Daily,Never,Maybe,Maybe,Yes,Very Important,Mobile App,Yes,Decision there city arrive he billion customer environmental raise.,More than 1 tsp,Too Bland,Perfect,1/2 tsp,1/4 tsp,N/A,Too Bland,1/4 tsp,1/2 tsp,1/4 tsp
david02@bowen.com,David Wu,64,Other,Yes,No,Weekly,Sometimes,No,Yes,Maybe,Very Important,Automated,Yes,Day baby business thing see.,1/2 tsp,Perfect,1/2 tsp,1/2 tsp,N/A,1/4 tsp,1/4 tsp,More than 1 tsp,More than 1 tsp,More than 1 tsp
judy10@gmail.com,Danielle Welch,64,Male,No,No,Monthly,Sometimes,Yes,Maybe,Yes,Important,Adjustable,No,Member mother address Congress television ability benefit image answer fund ever.,Perfect,More than 1 tsp,N/A,1/4 tsp,1/4 tsp,Too Bland,1/4 tsp,More than 1 tsp,1/2 tsp,Too Salty
melissafranklin@yahoo.com,Jeremy Clark,53,Female,No,No,Weekly,Never,No,Yes,No,Neutral,Automated,Yes,Response support rest which could.,Too Bland,1/2 tsp,More than 1 tsp,1/2 tsp,More than 1 tsp,1/4 tsp,N/A,1/2 tsp,Too Salty,1/4 tsp
ngould@gmail.com,Theresa Villegas,33,Other,Yes,No,Monthly,Always,No,No,No,Neutral,Voice Control,Yes,Usually data skin threat together coach thousand financial data.,Perfect,1/2 tsp,Perfect,1/4 tsp,N/A,1/4 tsp,Too Bland,1/4 tsp,Too Bland,1/4 tsp
sjones@richards.com,Megan Gardner,39,Female,Yes,Yes,Weekly,Sometimes,No,Maybe,No,Important,Voice Control,No,Different adult others quality capital.,1/4 tsp,1/2 tsp,1/2 tsp,1/2 tsp,Perfect,Too Salty,1/2 tsp,1/4 tsp,Perfect,Perfect
robertdavis@perry-lopez.info,Jordan Mendoza,32,Male,Yes,No,Daily,Never,No,Maybe,Maybe,Neutral,Automated,Yes,Pass tell friend mouth capital behavior.,More than 1 tsp,More than 1 tsp,1/2 tsp,1/4 tsp,N/A,1/2 tsp,Too Salty,N/A,More than 1 tsp,Too Bland
imyers@rich.com,Chris Powell,46,Female,Yes,No,Rarely,Never,No,Yes,No,Important,Automated,Yes,Strategy share present father record.,1/4 tsp,N/A,1/4 tsp,More than 1 tsp,N/A,Perfect,N/A,Perfect,N/A,Too Bland
carpenterterri@hotmail.com,David Dorsey,62,Female,No,Yes,Not applicable,Never,Maybe,No,No,Very Important,Automated,Yes,Suffer medical goal sure probably key without animal.,1/4 tsp,Perfect,1/2 tsp,Too Bland,1/4 tsp,Perfect,1/2 tsp,More than 1 tsp,Too Salty,Perfect
john83@perez-lowe.com,Dr. Frank Roberts,40,Other,Yes,No,Monthly,Always,Maybe,Yes,No,Important,Automated,No,Development stay author old successful action.,Too Salty,1/4 tsp,Perfect,1/4 tsp,1/2 tsp,N/A,N/A,Too Bland,1/4 tsp,Too Bland
xbutler@yahoo.com,Danielle Gomez,43,Male,Yes,Yes,Rarely,Sometimes,Maybe,Yes,Maybe,Neutral,Adjustable,No,Tend example half arrive reveal return myself partner less training.,Perfect,1/4 tsp,Perfect,Too Bland,More than 1 tsp,N/A,1/2 tsp,1/4 tsp,Too Bland,Perfect
victorsimpson@vaughn-vaughn.com,Krystal Rodriguez,57,Female,Yes,Yes,Not applicable,Sometimes,Maybe,Maybe,Yes,Very Important,Mobile App,No,Challenge although candidate suddenly.,1/2 tsp,Perfect,N/A,1/4 tsp,N/A,N/A,1/4 tsp,Too Salty,Too Salty,Too Salty
hayscrystal@hotmail.com,Amanda Watson,62,Male,No,Yes,Rarely,Sometimes,Yes,Maybe,Yes,Very Important,Automated,Yes,Safe road form believe score consumer window.,N/A,1/4 tsp,N/A,1/4 tsp,Too Bland,More than 1 tsp,Too Bland,1/4 tsp,Too Salty,N/A
jonathan77@hunter-floyd.biz,Corey Anderson,54,Male,Yes,Yes,Not applicable,Never,Yes,No,No,Neutral,Voice Control,No,Which no them respond thought assume above big practice hotel.,More than 1 tsp,Perfect,Too Bland,N/A,1/2 tsp,1/2 tsp,More than 1 tsp,N/A,Perfect,N/A
ygolden@yahoo.com,Kelly Wilkerson,54,Male,Yes,Yes,Rarely,Always,Yes,No,Yes,Neutral,Adjustable,Yes,Executive good hard cut experience your moment itself candidate could.,1/2 tsp,1/2 tsp,Too Bland,Perfect,More than 1 tsp,1/2 tsp,Too Salty,Too Bland,N/A,Perfect
qcohen@flores.biz,James Stevens,50,Other,No,No,Weekly,Always,Maybe,Yes,No,Important,Automated,No,Enter thought if part indicate then couple free quality.,N/A,N/A,More than 1 tsp,Too Salty,Too Salty,Too Bland,N/A,More than 1 tsp,Too Salty,N/A
tmcgee@olson-brown.com,Kimberly Marquez,44,Male,Yes,Yes,Not applicable,Sometimes,Maybe,Maybe,Maybe,Important,Simple UI,Yes,Too score at report deal other.,Too Salty,1/2 tsp,Perfect,1/2 tsp,Too Salty,Too Salty,1/2 tsp,N/A,1/4 tsp,N/A
bartonjoseph@atkinson-mitchell.com,Aaron Thornton,60,Female,No,No,Rarely,Sometimes,Yes,Yes,Yes,Important,Simple UI,No,Father soon character contain vote rise run class your student.,Perfect,Too Bland,Too Bland,More than 1 tsp,N/A,1/2 tsp,Too Salty,N/A,Too Salty,Perfect
uwilliams@gmail.com,Sarah Mccoy,45,Male,No,No,Rarely,Never,No,No,Yes,Important,Voice Control,No,Particularly according style big pretty.,N/A,1/2 tsp,N/A,Too Salty,More than 1 tsp,1/4 tsp,Too Bland,1/2 tsp,N/A,1/4 tsp
john18@yahoo.com,Daniel Collins,56,Female,Yes,No,Not applicable,Always,Maybe,No,Yes,Neutral,Mobile App,No,Likely visit blood billion.,1/4 tsp,More than 1 tsp,Too Bland,1/4 tsp,Too Salty,1/4 tsp,1/4 tsp,Perfect,Too Bland,Too Salty
hernandezluke@austin-davis.net,Javier James,64,Female,Yes,Yes,Weekly,Never,Yes,Yes,Yes,Important,Simple UI,Yes,Traditional control often keep budget various against admit process.,Perfect,Too Bland,More than 1 tsp,Perfect,1/4 tsp,Too Salty,1/2 tsp,More than 1 tsp,More than 1 tsp,Too Bland
meghanbrown@hotmail.com,Steven Marshall,55,Other,No,Yes,Monthly,Always,No,No,Maybe,Very Important,Automated,Yes,Account for help help American plan on.,Too Bland,1/4 tsp,Perfect,More than 1 tsp,Too Salty,Too Bland,Too Salty,N/A,Too Salty,1/2 tsp
icarter@landry-parker.biz,Dan White,55,Other,No,Yes,Daily,Never,Maybe,Maybe,Maybe,Neutral,Mobile App,Yes,Commercial admit official in size none whose them nation.,1/4 tsp,1/2 tsp,Perfect,1/4 tsp,Perfect,Perfect,Too Salty,Too Bland,Too Salty,Too Salty
wrighttammy@may.com,Richard Wilson,29,Male,Yes,Yes,Monthly,Sometimes,Maybe,No,Yes,Important,Simple UI,Yes,Ask cut where challenge trade expect west.,N/A,Perfect,Too Bland,N/A,Too Bland,More than 1 tsp,Too Bland,1/2 tsp,Perfect,1/2 tsp
alecbooker@gmail.com,Eric Leach,39,Male,No,Yes,Weekly,Never,Maybe,Yes,No,Important,Adjustable,Yes,Happy town relate lawyer weight including loss campaign south even half.,More than 1 tsp,1/4 tsp,N/A,Too Bland,Too Bland,Too Salty,1/2 tsp,More than 1 tsp,More than 1 tsp,Too Bland
wheeleraaron@yahoo.com,Jeanette Pacheco,32,Other,Yes,No,Weekly,Always,No,No,Yes,Important,Voice Control,No,Night week similar old into station bank food listen decide.,Perfect,Too Salty,1/4 tsp,1/4 tsp,1/2 tsp,Perfect,Too Salty,Perfect,More than 1 tsp,1/4 tsp
diana34@hotmail.com,Jason Humphrey,22,Other,Yes,No,Rarely,Always,Yes,Yes,No,Important,Voice Control,No,Wide skin once might this floor camera campaign position.,1/2 tsp,1/4 tsp,Perfect,Too Salty,More than 1 tsp,Too Bland,Too Bland,1/4 tsp,1/4 tsp,1/4 tsp
drobinson@rowe-sanchez.com,Edward Peters,30,Male,Yes,No,Not applicable,Sometimes,Maybe,No,Maybe,Important,Adjustable,No,Teach western project live out plan gas receive ball.,Too Salty,1/2 tsp,N/A,1/4 tsp,Perfect,Too Salty,Perfect,1/2 tsp,Too Bland,Too Bland
michael06@gonzalez-ruiz.biz,Stephanie Escobar,52,Male,No,Yes,Monthly,Never,No,No,No,Neutral,Voice Control,No,Return end lose far determine indeed.,Perfect,N/A,N/A,1/4 tsp,1/2 tsp,Too Salty,More than 1 tsp,1/2 tsp,Too Salty,N/A
cmendoza@patton-wright.net,Heather Hoffman,59,Male,No,No,Weekly,Always,Maybe,Maybe,Yes,Neutral,Mobile App,Yes,Site step per city method feeling.,Too Bland,1/4 tsp,Too Bland,Too Bland,Too Salty,1/2 tsp,Perfect,1/2 tsp,1/4 tsp,Perfect
mdavis@hotmail.com,Isabella Boyd,22,Male,No,Yes,Monthly,Never,Yes,Yes,Yes,Important,Voice Control,No,Example official agent government art effect effect recently.,Perfect,Too Bland,Too Salty,N/A,Too Salty,1/2 tsp,Perfect,Too Salty,Too Salty,N/A
michaelstanley@green.com,Audrey Miller,61,Female,Yes,No,Daily,Always,Yes,Yes,No,Important,Automated,Yes,Space total consumer want begin American onto.,Perfect,1/4 tsp,Too Bland,More than 1 tsp,1/4 tsp,Too Salty,Too Bland,Too Bland,1/4 tsp,More than 1 tsp
robert08@yahoo.com,Wendy Morales,59,Male,Yes,No,Rarely,Sometimes,Yes,Yes,No,Not Important,Automated,No,Left without nor right rock guy.,N/A,Too Salty,Too Salty,1/4 tsp,More than 1 tsp,1/4 tsp,Perfect,Too Bland,Too Bland,More than 1 tsp
bowersangel@hotmail.com,Jared Parker,48,Other,No,Yes,Rarely,Sometimes,Maybe,Yes,No,Very Important,Adjustable,Yes,Meeting too thank daughter ask value.,Perfect,1/4 tsp,Too Bland,1/2 tsp,Too Salty,Too Salty,1/2 tsp,More than 1 tsp,Too Salty,1/2 tsp
lisajensen@yahoo.com,Julie Mason,36,Male,No,No,Not applicable,Never,No,Yes,No,Very Important,Mobile App,Yes,Out idea price various campaign loss low.,Too Bland,More than 1 tsp,1/4 tsp,Too Bland,Perfect,More than 1 tsp,Perfect,Too Bland,Too Salty,Perfect
rossjames@hotmail.com,Jeffrey Cruz,41,Other,Yes,No,Not applicable,Always,Maybe,Maybe,Yes,Not Important,Adjustable,No,About manager better professor bank employee everything performance.,1/2 tsp,Too Salty,1/4 tsp,Too Bland,Too Bland,Too Salty,1/2 tsp,1/4 tsp,More than 1 tsp,More than 1 tsp
sanfordpaul@gmail.com,Jason Morales,32,Other,Yes,No,Monthly,Never,Maybe,Maybe,Yes,Not Important,Mobile App,No,Grow future change attention care.,More than 1 tsp,Too Salty,1/2 tsp,Too Salty,Too Bland,1/4 tsp,1/2 tsp,Too Bland,More than 1 tsp,N/A
zgarcia@hotmail.com,Richard Garcia,38,Other,Yes,Yes,Daily,Always,No,Maybe,Yes,Very Important,Simple UI,No,Son structure religious forward federal may likely almost other.,1/2 tsp,Perfect,Too Salty,Too Salty,1/2 tsp,More than 1 tsp,1/2 tsp,Too Salty,Perfect,N/A
lindseymartinez@gmail.com,Jordan Davis,60,Female,Yes,No,Not applicable,Never,No,Maybe,No,Neutral,Automated,No,Subject agency create miss he civil.,Perfect,Too Bland,More than 1 tsp,1/2 tsp,Too Salty,1/2 tsp,Too Bland,N/A,More than 1 tsp,More than 1 tsp
kduncan@mccullough.com,Paul Houston,23,Other,No,No,Monthly,Always,Yes,Maybe,No,Not Important,Voice Control,No,Music employee scientist actually enough reveal.,Too Bland,Perfect,N/A,Perfect,Too Salty,Perfect,Too Bland,N/A,N/A,1/4 tsp
elizabeth77@smith-mason.com,John Wells,43,Female,No,No,Weekly,Always,No,Maybe,No,Very Important,Automated,No,Surface director attack financial close performance.,More than 1 tsp,N/A,N/A,Too Bland,Too Salty,Too Salty,1/4 tsp,1/2 tsp,More than 1 tsp,1/2 tsp
robertmiller@hotmail.com,Chris Trujillo Jr.,47,Other,No,Yes,Not applicable,Never,No,No,Maybe,Neutral,Adjustable,No,Process deep turn exist blue site this.,1/4 tsp,1/2 tsp,1/4 tsp,1/2 tsp,Too Bland,Perfect,1/4 tsp,Too Bland,N/A,Too Bland
martha59@hotmail.com,Charles Williams,60,Female,Yes,Yes,Weekly,Always,Maybe,Maybe,Maybe,Important,Mobile App,No,Purpose team song start name well office natural hear trial.,Too Bland,Perfect,More than 1 tsp,Too Salty,N/A,Too Bland,1/2 tsp,Perfect,More than 1 tsp,Too Salty
bhall@yahoo.com,Ronald Horn,22,Male,Yes,No,Weekly,Never,Yes,Yes,Yes,Not Important,Adjustable,No,Television show help north however along thus subject win.,1/4 tsp,N/A,Perfect,N/A,Too Bland,1/2 tsp,Too Salty,Too Bland,1/2 tsp,Too Bland
wrightbruce@yahoo.com,Kristen Manning,57,Other,No,No,Daily,Always,Maybe,No,Yes,Neutral,Voice Control,Yes,Agency bar beat mouth television after.,Too Bland,Too Salty,More than 1 tsp,More than 1 tsp,Too Bland,1/4 tsp,Too Bland,More than 1 tsp,Too Bland,More than 1 tsp
richard12@perez.com,Rebecca Stewart,37,Other,No,No,Weekly,Never,Yes,Maybe,Maybe,Neutral,Adjustable,No,Serve they spring particular debate history cover.,1/4 tsp,Too Bland,Perfect,Too Salty,More than 1 tsp,N/A,1/4 tsp,More than 1 tsp,N/A,Too Salty
williamsjim@martin.com,Alexander Garcia,38,Female,No,Yes,Daily,Never,Yes,No,No,Very Important,Simple UI,No,Marriage indeed over life level detail throughout put never.,Too Salty,Perfect,More than 1 tsp,More than 1 tsp,More than 1 tsp,Too Bland,Perfect,More than 1 tsp,1/2 tsp,Perfect
sanchezkim@hotmail.com,Alicia Campbell,59,Male,Yes,No,Monthly,Sometimes,No,Maybe,Yes,Very Important,Mobile App,Yes,Degree consider scene second year little government ever stage no.,Perfect,N/A,More than 1 tsp,1/2 tsp,1/4 tsp,1/4 tsp,Perfect,More than 1 tsp,1/4 tsp,1/2 tsp
vbell@doyle-johnson.com,Toni Guzman,39,Male,No,Yes,Not applicable,Always,Yes,Yes,Yes,Not Important,Simple UI,No,Design reflect window which take hot sign fill.,Too Salty,N/A,N/A,1/4 tsp,More than 1 tsp,Too Salty,1/4 tsp,Too Bland,More than 1 tsp,Too Salty
stonepatrick@hill.com,Brian Wise,62,Male,Yes,Yes,Weekly,Always,Maybe,No,No,Neutral,Simple UI,No,Represent three million increase billion any low land others draw.,Too Salty,N/A,Perfect,1/4 tsp,1/4 tsp,Perfect,1/4 tsp,Perfect,1/4 tsp,More than 1 tsp
xcummings@gmail.com,Joshua Bennett,34,Male,Yes,No,Rarely,Never,Yes,Yes,No,Important,Voice Control,Yes,Stuff surface low threat must modern car parent mention song.,Too Salty,1/2 tsp,Too Salty,Too Bland,More than 1 tsp,1/2 tsp,Too Bland,More than 1 tsp,N/A,More than 1 tsp
ruthatkinson@avery-hampton.com,Shannon Sosa,56,Female,Yes,No,Rarely,Never,No,No,No,Not Important,Voice Control,Yes,Imagine past everything choice through gas six yard.,N/A,More than 1 tsp,Too Bland,Too Salty,Too Salty,Too Salty,More than 1 tsp,More than 1 tsp,Perfect,1/4 tsp
campbellcindy@hotmail.com,Robert Hall,44,Female,No,Yes,Rarely,Always,Maybe,No,No,Very Important,Automated,No,Require on send raise effect.,Too Salty,More than 1 tsp,Perfect,1/4 tsp,Too Bland,1/2 tsp,Perfect,More than 1 tsp,Too Salty,More than 1 tsp
drusso@yang.com,Michael Evans,39,Female,No,No,Weekly,Never,Yes,Maybe,No,Not Important,Simple UI,Yes,Ahead season be cell back.,Too Bland,Perfect,More than 1 tsp,1/4 tsp,1/2 tsp,More than 1 tsp,More than 1 tsp,Too Bland,1/2 tsp,1/2 tsp
johnny84@wood-carr.com,Michael Mitchell,56,Other,Yes,Yes,Rarely,Never,Yes,No,Yes,Not Important,Voice Control,No,Strong difficult accept us prove.,N/A,Too Salty,More than 1 tsp,Too Bland,Too Salty,N/A,1/4 tsp,Too Bland,Too Bland,Too Bland
andreacampbell@brown.net,Jennifer Sawyer,35,Female,No,Yes,Not applicable,Never,No,No,Maybe,Important,Adjustable,No,Bar pick perhaps face second PM challenge hot effect.,N/A,1/4 tsp,More than 1 tsp,N/A,N/A,1/2 tsp,Perfect,Perfect,Too Bland,1/4 tsp
eatondebra@rice.com,Michelle Park,46,Female,No,No,Not applicable,Never,Yes,Maybe,Maybe,Neutral,Mobile App,Yes,Activity enough memory try arm what establish look.,Too Bland,N/A,More than 1 tsp,Too Bland,Too Bland,1/2 tsp,1/4 tsp,Too Salty,Too Salty,More than 1 tsp
jacqueline87@yahoo.com,Susan Horn,60,Male,Yes,Yes,Rarely,Always,Yes,Yes,Maybe,Neutral,Mobile App,Yes,Check these local each avoid possible morning.,Too Salty,N/A,1/2 tsp,1/2 tsp,Too Bland,More than 1 tsp,Too Bland,Perfect,More than 1 tsp,Perfect
ggreen@yahoo.com,Carrie Thompson,37,Male,No,No,Daily,Never,Yes,Yes,No,Very Important,Simple UI,No,National summer pattern meet lose beat beautiful leader art process.,More than 1 tsp,More than 1 tsp,1/4 tsp,Too Salty,Too Salty,Perfect,Perfect,1/4 tsp,Too Salty,N/A
kimberly35@wise-vaughn.net,Olivia Richardson,18,Male,Yes,Yes,Monthly,Sometimes,Yes,Yes,No,Neutral,Automated,Yes,Enjoy agree administration news actually difference fly upon general.,Too Salty,1/4 tsp,1/2 tsp,1/2 tsp,1/4 tsp,Too Bland,1/2 tsp,Too Bland,Too Bland,1/2 tsp
amelton@gmail.com,Jessica Rogers,46,Female,Yes,Yes,Weekly,Sometimes,Maybe,Maybe,No,Very Important,Simple UI,Yes,Condition success yes finally point start surface clear without.,Too Salty,More than 1 tsp,Perfect,Too Salty,Perfect,More than 1 tsp,1/4 tsp,N/A,More than 1 tsp,1/4 tsp
norristodd@parker-lopez.com,David Ball,36,Female,Yes,Yes,Weekly,Never,No,Maybe,Yes,Important,Adjustable,Yes,Goal data daughter responsibility baby need citizen treatment board power.,More than 1 tsp,Too Bland,1/4 tsp,1/2 tsp,1/4 tsp,1/2 tsp,Too Salty,1/2 tsp,Perfect,1/2 tsp
melissajohnson@gould.com,Gina Howell MD,60,Female,Yes,No,Daily,Sometimes,Yes,Yes,No,Neutral,Voice Control,Yes,Level body push discuss sing chair coach job walk fact skill.,1/4 tsp,More than 1 tsp,N/A,Perfect,Too Bland,Too Bland,Too Bland,Too Salty,More than 1 tsp,More than 1 tsp
justin05@gray.com,Sarah Lopez,23,Male,No,Yes,Not applicable,Always,Maybe,Maybe,Maybe,Important,Adjustable,No,Agreement him company until half occur before remain.,Too Bland,1/2 tsp,1/2 tsp,1/2 tsp,Too Salty,Perfect,1/4 tsp,1/4 tsp,Perfect,1/2 tsp
leetiffany@greene-blackburn.com,Justin Morris,53,Female,No,No,Rarely,Never,Maybe,Yes,Maybe,Not Important,Voice Control,Yes,Once turn grow fact where night middle dog.,N/A,Too Salty,More than 1 tsp,Too Salty,Too Bland,Perfect,More than 1 tsp,N/A,N/A,More than 1 tsp
christopherking@west.com,Benjamin Reed,41,Female,No,No,Rarely,Always,Yes,No,No,Not Important,Simple UI,No,Little paper above name get finish help.,1/4 tsp,More than 1 tsp,Too Salty,More than 1 tsp,N/A,1/4 tsp,Perfect,Perfect,More than 1 tsp,Too Salty
johnsshannon@murphy.org,Maria Nunez,45,Female,No,Yes,Weekly,Never,Maybe,Yes,Maybe,Neutral,Automated,Yes,Gas story ask listen short safe also against heart.,Perfect,Perfect,Perfect,More than 1 tsp,Too Bland,1/2 tsp,1/2 tsp,N/A,Perfect,More than 1 tsp
loristevenson@yahoo.com,Michael Cain,60,Female,Yes,Yes,Daily,Sometimes,No,Maybe,Maybe,Neutral,Mobile App,No,Summer inside although hope.,1/2 tsp,Perfect,Perfect,Too Salty,1/2 tsp,More than 1 tsp,1/2 tsp,Perfect,Perfect,1/4 tsp
katherine31@gmail.com,Ann Munoz,48,Other,No,Yes,Daily,Sometimes,Yes,No,No,Very Important,Adjustable,Yes,Writer difference four hit small collection edge consumer message trip.,Too Salty,Too Bland,Too Bland,1/4 tsp,Too Bland,More than 1 tsp,N/A,Too Salty,N/A,More than 1 tsp
tmaxwell@gmail.com,Amanda Watson,19,Female,No,No,Monthly,Always,Maybe,Yes,Yes,Very Important,Mobile App,No,Amount magazine every rather.,Too Salty,Too Bland,More than 1 tsp,1/2 tsp,Too Salty,Perfect,Perfect,1/2 tsp,Perfect,N/A
parkedward@gmail.com,Jennifer Poole,32,Male,Yes,No,Weekly,Always,Maybe,No,Yes,Not Important,Adjustable,Yes,Many grow too save field whose eight begin.,N/A,N/A,Too Salty,1/2 tsp,More than 1 tsp,N/A,More than 1 tsp,N/A,More than 1 tsp,Too Salty
sara91@hotmail.com,Chad May,42,Female,No,No,Not applicable,Always,Yes,Yes,No,Very Important,Automated,Yes,Civil hard full we name however.,Perfect,Perfect,Too Salty,More than 1 tsp,More than 1 tsp,Perfect,Too Salty,Too Salty,N/A,Perfect
jonathananderson@sanchez-mcconnell.com,Mitchell Campbell,20,Female,Yes,No,Monthly,Sometimes,Yes,No,Maybe,Neutral,Mobile App,No,Source sister agent important action scientist.,More than 1 tsp,Too Salty,Perfect,Too Bland,1/4 tsp,Perfect,1/2 tsp,N/A,1/2 tsp,Too Bland
andrewsmith@robles.org,Kathy Jarvis,45,Other,No,No,Weekly,Never,Maybe,Yes,Yes,Not Important,Simple UI,Yes,Out big popular statement finish pretty skin thing would enjoy.,More than 1 tsp,Perfect,More than 1 tsp,Too Salty,1/2 tsp,More than 1 tsp,Too Bland,More than 1 tsp,More than 1 tsp,Perfect
ruben76@yahoo.com,Kayla Schneider,55,Other,No,Yes,Daily,Never,No,Maybe,Yes,Neutral,Adjustable,Yes,Year right assume let citizen cost health right service.,Too Bland,1/4 tsp,1/4 tsp,1/4 tsp,1/4 tsp,More than 1 tsp,Too Salty,More than 1 tsp,More than 1 tsp,Too Salty
johnsonsarah@black.info,Robert Jones,24,Male,No,Yes,Rarely,Sometimes,Yes,Yes,Maybe,Very Important,Automated,Yes,In top direction consider together deal close imagine.,Too Bland,Too Salty,Too Salty,Perfect,Too Salty,1/2 tsp,N/A,1/2 tsp,Too Salty,N/A
gonzalezchristopher@huff.org,Michael Gibson,41,Male,Yes,Yes,Monthly,Sometimes,Maybe,Yes,Maybe,Not Important,Mobile App,Yes,Recognize cover safe student sea great special add agree.,1/2 tsp,Too Salty,1/4 tsp,Perfect,1/4 tsp,Too Bland,1/2 tsp,Too Bland,More than 1 tsp,More than 1 tsp
elizabeth14@cook.com,Katie Espinoza,28,Other,Yes,No,Weekly,Always,No,No,Yes,Very Important,Voice Control,No,Record well edge talk toward personal with who wish admit.,Too Bland,Too Bland,Too Salty,More than 1 tsp,Perfect,Perfect,1/2 tsp,N/A,N/A,Perfect
ahill@yahoo.com,Ralph Schneider,61,Female,Yes,No,Not applicable,Always,Yes,Yes,Maybe,Very Important,Mobile App,No,Write sure yard hit safe two large lose.,More than 1 tsp,More than 1 tsp,More than 1 tsp,N/A,N/A,1/2 tsp,Too Salty,Too Salty,Perfect,N/A
greenaaron@turner.com,Brenda Parker,18,Male,No,No,Weekly,Sometimes,Maybe,Yes,No,Important,Voice Control,Yes,Language and section forward security forward home trip street.,1/2 tsp,Too Bland,1/4 tsp,1/4 tsp,Too Bland,Perfect,1/2 tsp,N/A,1/2 tsp,Too Bland
uhanson@yahoo.com,Stephanie Turner,37,Female,Yes,No,Daily,Always,Maybe,Maybe,Yes,Very Important,Adjustable,Yes,Level civil land wide.,1/2 tsp,N/A,Too Salty,Perfect,Too Bland,More than 1 tsp,Perfect,1/4 tsp,1/2 tsp,1/4 tsp
matthewflores@gmail.com,Shawn Clark,61,Female,Yes,Yes,Not applicable,Sometimes,Yes,No,Yes,Neutral,Adjustable,No,Method this consider draw father discuss.,1/4 tsp,Too Salty,1/2 tsp,Too Bland,Too Bland,Too Salty,1/4 tsp,N/A,More than 1 tsp,Perfect
terrylawrence@yahoo.com,Alice Bean,24,Male,Yes,No,Rarely,Sometimes,Yes,Maybe,Yes,Not Important,Voice Control,Yes,Able eye boy fight sister notice.,1/4 tsp,1/4 tsp,Too Bland,Too Salty,1/4 tsp,1/4 tsp,N/A,More than 1 tsp,Too Bland,Perfect
ewashington@harrison-thomas.org,Samuel Freeman,42,Female,Yes,No,Weekly,Sometimes,Maybe,No,Yes,Not Important,Mobile App,No,Music recently gun put policy several first town site under decade.,1/4 tsp,Too Bland,1/4 tsp,Too Bland,N/A,1/4 tsp,Perfect,Too Bland,More than 1 tsp,More than 1 tsp
davidmacdonald@yahoo.com,Megan Park,61,Female,No,No,Rarely,Sometimes,Maybe,No,No,Important,Automated,Yes,Writer them write put instead add major.,Too Bland,1/2 tsp,More than 1 tsp,Too Bland,Too Salty,Perfect,Too Bland,More than 1 tsp,1/2 tsp,1/2 tsp
deanjames@gmail.com,Christopher Villarreal,55,Female,Yes,No,Not applicable,Always,No,Maybe,No,Important,Mobile App,Yes,Soldier inside out enough act recently.,Perfect,Perfect,More than 1 tsp,Too Bland,1/2 tsp,1/2 tsp,Too Bland,Perfect,Too Bland,N/A
cooperelizabeth@mendoza.info,Elizabeth Evans,24,Other,Yes,Yes,Daily,Sometimes,No,No,No,Very Important,Mobile App,No,When stuff look lawyer while argue.,Too Bland,N/A,N/A,Too Salty,More than 1 tsp,Perfect,Too Bland,N/A,N/A,1/2 tsp
pbartlett@hotmail.com,Susan Hester,40,Female,No,No,Monthly,Always,Yes,No,No,Important,Simple UI,No,Keep remain language police.,Too Bland,Too Bland,N/A,More than 1 tsp,Too Bland,Too Salty,More than 1 tsp,Too Bland,Too Bland,1/4 tsp
taylortimothy@blake.org,Timothy Hernandez,56,Male,No,Yes,Daily,Always,No,Maybe,Yes,Very Important,Simple UI,Yes,Feeling population read impact move eight describe less.,1/4 tsp,N/A,Too Salty,Too Salty,Perfect,N/A,N/A,1/2 tsp,Too Salty,Too Bland
campbellandrew@wyatt.net,Kelly Brown,39,Other,No,Yes,Weekly,Always,Yes,No,No,Not Important,Adjustable,No,Through half mouth spend first old type difficult establish community.,Too Bland,1/2 tsp,1/4 tsp,Perfect,Too Salty,Perfect,1/2 tsp,Perfect,More than 1 tsp,N/A
mendozawilliam@hotmail.com,Billy Walker,31,Other,No,No,Weekly,Sometimes,Maybe,No,No,Neutral,Voice Control,Yes,Kid raise north media dream in mean law size everybody.,More than 1 tsp,Too Bland,Too Bland,Too Salty,More than 1 tsp,Perfect,Too Salty,More than 1 tsp,N/A,Too Salty
april85@chapman.com,Patricia Williams,30,Other,No,Yes,Not applicable,Always,No,Yes,Yes,Neutral,Automated,No,Pay investment project daughter hospital matter walk garden stop.,Too Bland,Too Salty,Too Bland,N/A,N/A,1/2 tsp,N/A,1/4 tsp,Too Salty,Perfect
johnathan97@becker.info,Daniel Herrera,37,Other,Yes,Yes,Daily,Sometimes,No,No,Maybe,Not Important,Mobile App,No,Name trip turn adult.,Too Bland,N/A,N/A,1/2 tsp,More than 1 tsp,Too Bland,More than 1 tsp,N/A,More than 1 tsp,Too Salty
randalltran@gmail.com,Peter Brown,18,Male,Yes,Yes,Monthly,Sometimes,Yes,No,Yes,Important,Voice Control,No,Natural good participant book debate dinner type visit pretty.,1/4 tsp,Perfect,N/A,1/2 tsp,N/A,More than 1 tsp,1/4 tsp,1/2 tsp,More than 1 tsp,Too Salty
bucksamantha@black.com,Lisa Taylor,18,Female,No,No,Monthly,Always,Maybe,No,No,Not Important,Voice Control,No,Drug something TV if discussion discuss south crime may.,Too Salty,N/A,More than 1 tsp,More than 1 tsp,Perfect,1/4 tsp,Perfect,More than 1 tsp,N/A,Too Bland
tiffanyoliver@yahoo.com,Ann Rodgers,64,Female,No,No,Not applicable,Sometimes,No,No,Yes,Very Important,Automated,Yes,Simple either you side light we letter.,Perfect,1/2 tsp,1/2 tsp,Perfect,Too Bland,Too Salty,Too Salty,N/A,N/A,Too Bland
nancymartin@hotmail.com,Jesus Cooper,33,Female,No,Yes,Daily,Never,Yes,No,No,Important,Voice Control,No,Party source science money top south.,N/A,1/4 tsp,Too Salty,Perfect,1/4 tsp,1/4 tsp,Too Bland,Too Salty,Too Salty,More than 1 tsp
catherine49@floyd.com,Timothy Murphy,63,Other,No,Yes,Weekly,Never,No,Yes,No,Important,Mobile App,No,Simply always agree water road property prepare federal position.,More than 1 tsp,More than 1 tsp,1/4 tsp,Too Salty,Too Bland,Too Bland,Perfect,Too Salty,1/4 tsp,1/2 tsp
sheilahart@hotmail.com,Caleb Vargas,60,Female,Yes,Yes,Monthly,Sometimes,Maybe,Yes,Maybe,Neutral,Automated,No,Later partner loss thank play old.,1/2 tsp,N/A,1/2 tsp,N/A,More than 1 tsp,1/4 tsp,1/2 tsp,Perfect,More than 1 tsp,Perfect
stefanieharris@yahoo.com,Kristina Richard,46,Male,No,No,Rarely,Sometimes,Yes,Maybe,Yes,Not Important,Mobile App,No,Within fast line imagine which dog serve.,1/4 tsp,Too Bland,Too Salty,N/A,1/4 tsp,Perfect,Perfect,Too Bland,N/A,Perfect
nancysummers@yahoo.com,Teresa Black,41,Other,No,Yes,Monthly,Always,No,Maybe,Maybe,Not Important,Simple UI,No,From down heavy occur activity bring sort.,N/A,Too Salty,Perfect,1/2 tsp,Perfect,Perfect,1/4 tsp,More than 1 tsp,Too Bland,1/2 tsp
scott77@yahoo.com,Alex Jones,28,Female,Yes,Yes,Monthly,Never,No,Yes,Yes,Important,Mobile App,Yes,Glass option herself scene hard.,Perfect,1/4 tsp,1/4 tsp,Perfect,Too Salty,1/4 tsp,N/A,More than 1 tsp,More than 1 tsp,Too Bland
xblanchard@gmail.com,Daniel Underwood Jr.,30,Female,Yes,Yes,Weekly,Never,No,Yes,Maybe,Not Important,Voice Control,Yes,Second side choose theory recently mission turn trial throw.,N/A,N/A,Too Salty,1/2 tsp,Too Salty,N/A,More than 1 tsp,1/4 tsp,Too Bland,1/4 tsp
evanpearson@gmail.com,Timothy Jones,52,Male,No,No,Not applicable,Sometimes,Yes,No,Yes,Important,Mobile App,Yes,Term medical indicate news leader open tree.,Perfect,N/A,N/A,More than 1 tsp,Too Bland,N/A,Too Salty,N/A,More than 1 tsp,1/2 tsp
zcordova@bradley.biz,April Martin,45,Other,Yes,Yes,Not applicable,Always,Maybe,No,No,Important,Automated,No,Decide low per class reduce west.,1/4 tsp,N/A,N/A,1/4 tsp,N/A,1/2 tsp,More than 1 tsp,Too Salty,1/4 tsp,1/4 tsp
masonmarie@hood.com,Donald Johnson,18,Other,No,No,Daily,Sometimes,Maybe,Maybe,No,Important,Voice Control,No,Care church environmental class ball.,More than 1 tsp,N/A,More than 1 tsp,Too Salty,N/A,Too Salty,1/2 tsp,Too Salty,Too Bland,Too Bland
angela10@mccall.com,Austin Davis,45,Other,Yes,Yes,Daily,Always,Yes,Yes,Yes,Very Important,Mobile App,Yes,Try add himself who response huge no grow Democrat its.,Perfect,Too Bland,1/4 tsp,Too Salty,Too Salty,More than 1 tsp,Perfect,1/4 tsp,N/A,1/2 tsp
chloeguerra@gmail.com,Jennifer Sampson,53,Male,Yes,Yes,Daily,Sometimes,Yes,Yes,No,Important,Voice Control,No,Interest our anyone tell job.,More than 1 tsp,More than 1 tsp,Perfect,Too Bland,Perfect,1/2 tsp,Too Salty,1/2 tsp,1/2 tsp,1/2 tsp
justin83@james.org,Amanda Fuller PhD,33,Female,No,No,Monthly,Sometimes,Maybe,No,Yes,Very Important,Mobile App,Yes,Garden middle baby industry yes baby grow.,1/4 tsp,N/A,Perfect,Too Salty,1/4 tsp,Too Salty,Too Bland,Too Bland,More than 1 tsp,Too Bland
peter55@yahoo.com,Grace Garcia,52,Male,Yes,No,Not applicable,Sometimes,Maybe,Yes,No,Not Important,Adjustable,No,Cover paper fire Republican south material include.,1/4 tsp,Too Bland,Too Bland,1/2 tsp,Perfect,N/A,Too Salty,More than 1 tsp,1/4 tsp,N/A
hahnjoanna@hotmail.com,Roy Kane,37,Male,Yes,Yes,Weekly,Never,No,No,Maybe,Neutral,Voice Control,No,Data soon environment identify fast find stock.,1/4 tsp,Too Bland,1/4 tsp,More than 1 tsp,Perfect,Too Bland,N/A,Too Salty,1/4 tsp,More than 1 tsp
brendajensen@hotmail.com,Amy King,41,Female,Yes,Yes,Not applicable,Always,No,Yes,No,Neutral,Mobile App,Yes,Agency election vote fill scientist walk question could suddenly dream.,N/A,N/A,N/A,Too Bland,More than 1 tsp,1/4 tsp,More than 1 tsp,1/4 tsp,More than 1 tsp,Too Salty
christinemorris@yahoo.com,Reginald Perez,27,Male,No,No,Weekly,Sometimes,No,Maybe,Yes,Very Important,Simple UI,No,Into attorney physical marriage newspaper.,1/2 tsp,N/A,More than 1 tsp,1/2 tsp,1/4 tsp,Perfect,1/4 tsp,Too Bland,Too Salty,N/A
johnmatthews@clark.com,Denise Ryan,57,Male,Yes,Yes,Weekly,Never,No,Yes,No,Not Important,Simple UI,No,Friend fly candidate seven hour throw maintain man industry.,1/2 tsp,1/4 tsp,N/A,Too Salty,1/2 tsp,1/2 tsp,Perfect,Too Bland,Perfect,More than 1 tsp
gpeck@gmail.com,Ralph Martin,52,Female,Yes,No,Weekly,Never,No,Maybe,Yes,Not Important,Mobile App,No,Knowledge red nature could military party stay have source race.,More than 1 tsp,Perfect,1/2 tsp,1/2 tsp,N/A,Perfect,N/A,Perfect,Perfect,Too Bland
lharding@hoffman.com,Scott Byrd,50,Other,No,No,Rarely,Always,No,No,Yes,Neutral,Adjustable,No,Information claim attorney president agreement us.,1/2 tsp,1/4 tsp,1/2 tsp,More than 1 tsp,Too Bland,1/2 tsp,More than 1 tsp,Perfect,1/4 tsp,1/2 tsp
sabrina60@ross-doyle.info,Matthew Leon,20,Male,No,Yes,Monthly,Sometimes,Yes,Maybe,Maybe,Important,Voice Control,No,Crime himself letter open personal current seek dark true within.,Too Salty,Too Salty,Too Bland,N/A,Perfect,N/A,More than 1 tsp,Too Salty,1/2 tsp,1/4 tsp
ecarter@hotmail.com,Seth Gardner,65,Other,No,No,Weekly,Never,No,No,Yes,Neutral,Automated,No,Since score campaign modern such top behind within turn out.,1/4 tsp,1/4 tsp,Too Salty,Too Bland,1/4 tsp,Too Salty,1/4 tsp,1/4 tsp,Too Salty,Perfect
robertwhite@gmail.com,Mr. Jason Mcintosh DVM,54,Other,Yes,Yes,Rarely,Sometimes,Maybe,Maybe,Yes,Important,Voice Control,No,Mention different million force difficult glass pattern space result face.,1/4 tsp,1/2 tsp,1/4 tsp,N/A,Perfect,More than 1 tsp,N/A,Too Salty,N/A,Too Salty
michaelbrown@yahoo.com,Terrence Wilson,34,Male,Yes,No,Rarely,Sometimes,Yes,Maybe,Yes,Not Important,Simple UI,No,Fine house worry trade truth.,1/4 tsp,Perfect,1/2 tsp,Perfect,1/2 tsp,1/4 tsp,Too Bland,More than 1 tsp,Too Salty,1/4 tsp
rromero@kelly.info,Matthew Estrada,53,Male,Yes,No,Weekly,Always,Maybe,No,Yes,Important,Simple UI,No,Reveal trade even Mr describe big including.,N/A,1/4 tsp,Too Bland,1/2 tsp,Perfect,N/A,N/A,More than 1 tsp,1/2 tsp,More than 1 tsp
joshua58@brady.org,Heather Johnson,49,Female,No,No,Rarely,Never,Maybe,No,Yes,Very Important,Voice Control,Yes,Start resource young side pull role chance.,More than 1 tsp,1/2 tsp,Perfect,Too Salty,Too Salty,1/4 tsp,Too Salty,Too Bland,Too Bland,Too Salty
ydelgado@jones-ruiz.com,Susan Pacheco,18,Other,No,No,Monthly,Always,Yes,Maybe,No,Not Important,Voice Control,No,Subject world generation hour since dog threat cold.,1/2 tsp,Too Bland,More than 1 tsp,1/4 tsp,N/A,Too Bland,1/4 tsp,N/A,Too Bland,N/A
igarcia@thomas.biz,John Wang,53,Female,Yes,Yes,Rarely,Always,No,Maybe,Maybe,Very Important,Simple UI,No,Those lead pass standard participant Mr affect of sea.,1/2 tsp,Too Salty,1/4 tsp,Too Bland,More than 1 tsp,N/A,More than 1 tsp,1/2 tsp,N/A,1/4 tsp
